Company,"PNP ID","Approved On Date"
"21ST CENTURY ENTERTAINMENT",BUT,04/25/2002
"2-Tel B.V",TTL,03/20/1999
"3Com Corporation",TCM,11/29/1996
"3D Perception",TDP,05/16/2002
3M,VSD,10/16/1998
"3NOD Digital Technology Co. Ltd.",NOD,12/11/2014
"A D S Exports",NGS,07/16/1998
"A Plus Info Corporation",API,11/29/1996
"A&R Cambridge Ltd.",ACG,06/13/2007
"A/Vaux Electronics",AVX,08/29/2012
"A+V Link",APV,01/27/2010
"Aashima Technology B.V.",TRU,05/08/1998
"Aava Mobile Oy",AAM,08/13/2013
"ABBAHOME INC.",ABA,11/08/1999
"Abeam Tech Ltd.",MEG,11/29/1996
"Ably-Tech Corporation",ATC,11/29/1996
"AboCom System Inc.",ABC,03/28/1997
"ACC Microelectronics",WTC,11/29/1996
"Access Works Comm Inc",AWC,11/29/1996
"Acco UK Ltd.",PKA,05/12/2003
"Accton Technology Corporation",ACC,11/29/1996
Acculogic,ACU,11/29/1996
"AccuScene Corporation Ltd",ASL,06/13/2007
"Ace CAD Enterprise Company Ltd",ANT,11/29/1996
"Acer Inc",CHE,11/29/1996
"Acer Labs",ALI,11/29/1996
"Acer Netxus Inc",ANX,11/29/1996
"Acer Technologies",ACR,11/29/1996
Acksys,ACK,11/29/1996
"Acnhor Datacomm",ADC,11/29/1996
Acon,CAL,11/29/1996
"Acrolink Inc",ALK,03/12/1997
"Acroloop Motion Control Systems Inc",ACM,03/26/1998
"ACT Labs Ltd",LAB,09/02/1997
"Actek Engineering Pty Ltd",ACE,11/29/1996
"Actiontec Electric Inc",AEI,11/29/1996
"ActivCard S.A",ACV,05/08/1998
"Aculab Ltd",ACB,11/29/1996
"Acutec Ltd.",ALM,11/08/1999
"AD electronics",GLE,04/19/2000
"Ad Lib MultiMedia Inc",ADM,04/23/1998
"Adaptec Inc",ADP,11/29/1996
"Adax Inc",ADX,11/29/1996
ADC-Centre,RSH,11/08/1999
"Add Value Enterpises (Asia) Pte Ltd",AVE,01/10/1999
"Addi-Data GmbH",ADA,11/29/1996
"ADI Systems Inc",ADI,11/29/1996
"ADPM Synthesis sas",DPM,08/10/2000
"Adrienne Electronics Corporation",AXB,10/07/1997
Adtek,ADT,11/29/1996
"Adtek System Science Company Ltd",ADK,11/29/1996
"ADTI Media, Inc",FLE,09/15/2009
"Adtran Inc",AND,11/29/1996
"Advan Int'l Corporation",AGM,05/26/1998
"Advance Computer Corporation",AVN,06/10/2010
"Advanced Digital Systems",MSM,11/29/1996
"Advanced Electronic Designs, Inc.",AED,07/12/2004
"Advanced Engineering",RJS,06/25/1998
"Advanced Gravis",GRV,11/29/1996
"Advanced Integ. Research Inc",AIR,11/29/1996
"Advanced Logic",ALR,11/29/1996
"Advanced Micro Devices Inc",ADV,11/29/1996
"Advanced Micro Peripherals Ltd",EVE,11/18/2011
"Advanced Optics Electronics, Inc.",AOE,04/20/2004
"Advanced Peripheral Devices Inc",ADD,11/29/1996
"Advanced Research Technology",ABV,01/16/1997
"Advanced Signal Processing Technologies",PSA,09/13/1999
"Advantech Co., Ltd.",AHC,06/13/2007
"Aerodata Holdings Ltd",ADH,11/11/1997
"Aetas Peripheral International",AEP,11/08/1999
"Aethra Telecomunicazioni S.r.l.",AET,12/13/1996
"Agentur Chairos",CHS,03/15/2001
"Agilent Technologies",AGT,10/08/2001
"Ahead Systems",ASI,11/29/1996
"AIMS Lab Inc",AIM,03/13/1998
"Airlib, Inc",AYR,02/21/2000
"Aironet Wireless Communications, Inc",AWL,08/11/1998
"Aiwa Company Ltd",AIW,11/29/1996
"AJA Video Systems, Inc.",AJA,10/11/2007
"AKAMI Electric Co.,Ltd",AKE,09/03/2010
"Akebia Ltd",AKB,11/29/1996
"AKIA Corporation",AKI,12/23/1998
"AL Systems",ALH,01/20/1999
"Alacron Inc",ALA,11/29/1996
"Alana Technologies",ALN,01/13/2000
Alcatel,AOT,11/06/2001
"Alcatel Bell",ABE,11/29/1996
Aldebbaron,ADB,03/15/2001
"Alenco BV",ALE,05/20/2014
"ALEXON Co.,Ltd.",ALX,09/13/1999
"Alfa Inc",AFA,11/29/1996
"Algolith Inc.",ALO,05/02/2005
"AlgolTek, Inc.",AGO,10/23/2013
"Alien Internet Services",AIS,06/21/2001
"Allen Bradley Company",ABD,11/29/1996
"Alliance Semiconductor Corporation",ALL,11/29/1996
"Allied Telesis KK",ATI,11/29/1996
"Allied Telesyn International (Asia) Pte Ltd",ATA,11/10/1997
"Allied Telesyn Int'l",ATK,11/29/1996
"Allion Computer Inc.",ACO,10/23/2000
"Alpha Data",XAD,10/08/2009
"Alpha Telecom Inc",ATD,09/26/1997
"Alpha-Top Corporation",ATP,12/04/1996
"AlphaView LCD",ALV,11/01/2008
"ALPS ALPINE CO., LTD.",APE,01/22/2013
"ALPS ALPINE CO., LTD.",ALP,11/29/1996
"ALPS ALPINE CO., LTD.",AUI,11/29/1996
"Alta Research Corporation",ARC,11/29/1996
"Altec Corporation",ALC,08/04/1998
"Altec Lansing",ALJ,01/13/2000
"ALTINEX, INC.",AIX,04/24/2001
"Altmann Industrieelektronik",AIE,11/29/1996
"Altos Computer Systems",ACS,11/29/1996
"Altos India Ltd",AIL,11/29/1996
"Alvedon Computers Ltd",CNC,11/06/1998
"Ambient Technologies, Inc.",AMB,05/16/1999
Altra,ALT,11/29/1996
"Amdek Corporation",AMD,11/29/1996
"America OnLine",AOL,11/29/1996
"American Biometric Company",YOW,05/16/1999
"American Express",AXP,07/16/1999
"American Magnetics",AXI,03/15/2001
"American Megatrends Inc",AMI,11/29/1996
"American Nuclear Systems Inc",MCA,02/12/1997
"American Power Conversion",CNB,03/15/2001
"American Power Conversion",APC,11/29/1996
"Amimon LTD.",AMN,06/13/2007
"Amino Technologies PLC and Amino Communications Limited",AMO,12/09/2011
"AMiT Ltd",AKL,12/02/1997
"AMP Inc",AMP,11/29/1996
"Amptron International Inc.",AII,05/24/2000
"AMT International Industry",AMT,11/29/1996
"AmTRAN Technology Co., Ltd.",AMR,06/10/2013
"AMX LLC",AMX,07/06/2008
Anakron,ANA,11/08/1999
"Analog & Digital Devices Tel. Inc",ADN,03/14/1997
"Analog Devices Inc",ADS,11/29/1996
"Analog Way SAS",ANW,01/22/2014
"Analogix Semiconductor, Inc",ANL,10/10/2005
"Anchor Bay Technologies, Inc.",ABT,02/14/2006
"Anatek Electronics Inc.",AAE,05/25/2004
"Ancor Communications Inc",ACI,11/29/1996
Ancot,ANC,11/29/1996
"Anderson Multimedia Communications (HK) Limited",AML,01/03/2003
"Andrew Network Production",ANP,11/29/1996
"Anigma Inc",ANI,11/29/1996
"Anko Electronic Company Ltd",ANK,03/24/1998
"Ann Arbor Technologies",AAT,04/24/2001
"an-najah university",BBB,03/15/2001
"Anorad Corporation",ANO,01/13/2000
"ANR Ltd",ANR,11/29/1996
"Ansel Communication Company",ANS,11/29/1996
"Antex Electronics Corporation",AEC,11/29/1996
"AOpen Inc.",AOA,11/06/2001
"AP Designs Ltd",APX,12/08/1997
"Apache Micro Peripherals Inc",DNG,11/11/1997
"Aplicom Oy",APL,05/02/2005
"Appian Tech Inc",APN,11/29/1996
"Apple Computer Inc",APP,11/29/1996
AppliAdata,APD,11/29/1996
"Applied Creative Technology",ACT,11/29/1996
"Applied Memory Tech",APM,11/29/1996
"Apricot Computers",ACL,11/29/1996
"Aprilia s.p.a.",APR,02/22/1999
"ArchiTek Corporation",ATJ,01/22/2014
"Archtek Telecom Corporation",ACH,01/15/1997
"Arcus Technology Ltd",ATL,11/29/1996
"AREC Inc.",ARD,07/08/2013
"Arescom Inc",ARS,11/29/1996
Argolis,AGL,03/15/2001
"Argosy Research Inc",ARI,02/24/1997
"Argus Electronics Co., LTD",ARG,06/04/2004
"Ariel Corporation",ACA,12/13/1996
Arima,ARM,04/07/2004
"Arithmos, Inc.",ADE,07/16/1999
"Ark Logic Inc",ARK,11/29/1996
"Arlotto Comnet Inc",ARL,04/29/1997
"ARMSTEL, Inc.",AMS ,02/25/2011
"Arnos Insturments & Computer Systems",AIC,11/29/1996
"ARRIS Group, Inc.",ARR,01/27/2015
"ART s.r.l.",IMB,01/27/2012
"Artish Graphics Inc",AGI,11/29/1996
Arvanics,NPA,03/05/2015
"Asahi Kasei Microsystems Company Ltd",AKM,11/29/1996
"Asante Tech Inc",ASN,11/29/1996
"Ascom Business Systems",HER,01/20/1999
"Ascom Strategic Technology Unit",ASC,11/29/1996
"ASEM S.p.A.",ASM,03/15/2001
"ASEM S.p.A.",AEM,11/29/1996
"AseV Display Labs",ASE,10/16/1998
"Ashton Bentley Concepts",ASH,09/20/2013
"Asia Microelectronic Development Inc",AMA,09/24/1997
"Ask A/S",ASK,11/29/1996
"Askey Computer Corporation",DYN,07/22/1997
"ASP Microelectronics Ltd",ASP,11/29/1996
"Askey Computer Corporation",AKY,04/02/1997
"Aspen Tech Inc",ACP,11/29/1996
"AST Research Inc",AST,11/29/1996
"Astec Inc",JAC,11/29/1996
"ASTRA Security Products Ltd",ADL,07/30/1997
"ASTRO DESIGN, INC.",ATO,06/06/2003
"Asuscom Network Inc",ASU,11/29/1996
AT&T,ATT,11/29/1996
"AT&T Global Info Solutions",GIS,11/29/1996
"AT&T Microelectronics",HSM,11/29/1996
"AT&T Microelectronics",TME,11/29/1996
"AT&T Paradyne",PDN,11/29/1996
"Atelier Vision Corporation",AVJ,02/24/2015
"Athena Informatica S.R.L.",ATH,01/29/1997
"Athena Smartcard Solutions Ltd.",ATN,09/13/1999
"Athenix Corporation",ATX,11/29/1996
"ATI Tech Inc",BUJ,11/29/1996
Atlantis,CFG,11/29/1996
"ATM Ltd",ATM,11/29/1996
"Atom Komplex Prylad",AKP,10/23/2000
"Attachmate Corporation",AMC,11/29/1996
"Attero Tech, LLC",FWA,04/20/2010
"Audio Processing Technology  Ltd",APT,03/18/1997
AudioScience,ASX,11/29/1996
"August Home, Inc.",AUG,06/11/2014
"Auravision Corporation",AVC,11/29/1996
"Aureal Semiconductor",AUR,11/29/1996
"Autologic Inc",APS,11/29/1996
"automated computer control systems",CLT,09/13/1999
"Autotime Corporation",AUT,10/08/2001
"Auvidea GmbH",AUV,04/21/2014
"Avalue Technology Inc.",AVL,11/18/2011
"Avance Logic Inc",ALS,11/29/1996
"Avaya Communication",AVA,03/15/2001
Avencall,AEN,01/27/2012
"AVer Information Inc.",AVR,05/07/2010
"Avid Electronics Corporation",AVD,11/29/1996
"AVM GmbH",AVM,11/29/1996
"Avolites Ltd",AAA,02/17/2012
"Avocent Corporation",AVO,10/23/2000
"Avtek (Electronics) Pty Ltd",AVT,11/29/1996
"AWETA BV",ACD,01/20/1998
Axel,AXL,11/29/1996
"AXIOMTEK CO., LTD.",AXC,05/02/2005
"Axonic Labs LLC",AXO,06/21/2012
"Axtend Technologies Inc",AXT,12/01/1997
"Axxon Computer Corporation",AXX,11/29/1996
"AXYZ Automation Services, Inc",AXY,08/11/1998
"Aydin Displays",AYD,06/13/2007
"AZ Middelheim - Radiotherapy",AZM,11/14/2003
"Aztech Systems Ltd",AZT,11/29/1996
B&Bh,BBH,01/17/2003
"B.& V. s.r.l.",SMR,03/21/1997
"B.F. Engineering Corporation",BFE,11/29/1996
"B.U.G., Inc.",BUG,08/30/2011
"Bang & Olufsen",BNO,05/16/2003
"Banksia Tech Pty Ltd",BNK,11/29/1996
Banyan,BAN,11/29/1996
BARC,BRC,08/10/2000
"Barco Display Systems",BDS,09/13/1999
"Barco GmbH",BCD,03/07/2011
"Barco Graphics N.V",BGB,11/29/1996
"Barco, N.V.",BPS,09/12/2000
"Barco, N.V.",DDS,10/23/2000
"Baug & Olufsen",BEO,11/29/1996
"Beaver Computer Corporaton",BCC,11/29/1996
"Beckhoff Automation",BEC,04/25/2002
"Beckworth Enterprises Inc",BEI,07/16/1997
"Beijing Aerospace Golden Card Electronic Engineering Co.,Ltd.",AGC,06/21/2001
"Beijing AnHeng SecoTech Information Technology Co., Ltd.",AHS,03/24/2015
"Beijing ANTVR Technology Co., Ltd.",ANV,08/24/2015
"Beijing Northern Radiantelecom Co.",NRT,03/20/1999
"Beko Elektronik A.S.",BEK,06/15/2005
"Beltronic Industrieelektronik GmbH",BEL,09/05/2006
"Benson Medical Instruments Company",BMI,12/04/1996
"B&R Industrial Automation GmbH",BUR,11/29/1996
"Best Buy",INZ,06/04/2004
"Best Buy",VPR,05/16/2002
"Best Power",BPU,11/29/1996
"Biamp Systems Corporation",BIA,05/14/2015
"BICC Data Networks Ltd",ICC,11/29/1996
"Big Island Communications",BIC,05/13/1997
"Billion Electric Company Ltd",BIL,12/11/1996
"BioLink Technologies",BLN,08/10/2000
"BioLink Technologies International, Inc.",BIO,05/24/2000
"BIOMED Lab",BML,05/22/1997
"Biomedical Systems Laboratory",BSL,10/16/1997
BIOMEDISYS,BMS,05/24/2000
"Biometric Access Corporation",BAC,05/19/1998
"BioTao Ltd",BTO,03/21/2012
"Bit 3 Computer",BIT,11/29/1996
"Bit 3 Computer",BTC,11/29/1996
"Bitfield Oy",BTF,11/29/1996
"BitHeadz, Inc.",BHZ,09/29/2003
"Bitworks Inc.",BWK,07/10/2003
"Blackmagic Design",BMD,09/13/2012
"Blonder Tongue Labs, Inc.",BDR,09/16/2008
"Bloomberg L.P.",BLP,09/16/2008
"Boca Research Inc",ZZZ,02/13/1997
"Boca Research Inc",BRI,11/29/1996
"BodySound Technologies, Inc.",BST,03/12/2008
"Boeckeler Instruments Inc",BII,10/17/1996
"Booria CAD/CAM systems",BCS,05/11/2005
BOS,BOS,07/03/1997
"Bose Corporation",BSE,09/05/2006
"Boulder Nonlinear Systems",BNS,03/12/2008
"Braemac Pty Ltd",BRA,11/18/2010
"Braemar Inc",BRM,10/07/1997
"Brahler ICS",BDO,06/04/1998
"Brain Boxes Limited",BBL,10/02/2001
"Bridge Information Co., Ltd",BRG,08/11/1998
"BRIGHTSIGN, LLC",BSN,02/28/2012
"Brilliant Technology",BTE,11/29/1996
"Broadata Communications Inc.",BCI,11/19/2013
Broadcom,BCM,04/01/2004
"BROTHER INDUSTRIES,LTD.",BRO,02/21/2000
"BTC Korea Co., Ltd",NFC,02/25/2002
"Budzetron Inc",BGT,11/29/1996
Bull,BUL,02/03/1998
"Bull AB",BNE,10/06/1998
Busicom,BLI,08/11/1998
"BusTech Inc",BTI,11/29/1996
BusTek,BUS,11/29/1996
"Butterfly Communications",FLY,05/05/1997
"Buxco Electronics",BXE,11/29/1996
"byd:sign corporation",BYD,04/10/2008
"C3PO S.L.",XMM,03/03/1998
"CA & F Elettronica",CAC,05/16/1999
"Cabletime Ltd",CBT,05/04/2010
"Cabletron System Inc",CSI,11/29/1996
Cache,CCI,11/29/1996
CalComp,CAG,11/29/1996
CalComp,CDP,11/29/1996
"Calibre UK Ltd",CUK,09/15/2005
"California Institute of Technology",CSO,03/20/1999
"Cambridge Audio",CAM,08/09/2008
"Cambridge Electronic Design Ltd",CED,11/29/1996
"Cambridge Research Systems Ltd",CMR,04/25/2002
"Canon Inc",CNN,11/29/1996
"Canon Inc.",CAI,11/06/2001
"Canonical Ltd.",UBU,05/24/2013
"Canopus Company Ltd",CAN,11/29/1996
"Capella Microsystems Inc.",CPM,05/09/2012
"Capetronic USA Inc",CCP,11/29/1996
"Capstone Visua lProduct Development",DJE,10/09/2008
"Cardinal Company Ltd",CAR,11/29/1996
"Cardinal Technical Inc",CRD,11/29/1996
CardLogix,CLX,03/15/2001
"Carina System Co., Ltd.",CKJ,09/03/2010
"Carl Zeiss AG",CZE,06/03/2009
"CASIO COMPUTER CO.,LTD",CAS,10/06/1998
"Castles Automation Co., Ltd",CAA,01/13/2000
"Cavium Networks, Inc",CAV,02/02/2011
"C-C-C Group Plc",FVX,05/04/1998
CCL/ITRI,CCL,03/31/1997
"C-Cube Microsystems",CCC,11/29/1996
C-DAC,CEP,11/29/1996
"Cebra Tech A/S",CBR,11/29/1996
"Cefar Digital Vision",CEF,02/19/1997
"Centurion Technologies P/L",CEN,10/23/2000
"Century Corporation",TCE,11/29/1996
"Cerevo Inc.",CRV,07/13/2010
Ceronix,CER,09/02/2008
"Ceton Corporation",TOM,05/08/2014
"CH Products",CHP,04/24/1997
"ChangHong Electric Co.,Ltd",CHD,11/30/2001
"Chase Research PLC",CHA,11/29/1996
"Cherry GmbH",CHY,05/16/1999
"Chi Mei Optoelectronics corp.",CMO,03/15/2001
"CHIC TECHNOLOGY CORP.",CHM,07/16/1999
"Chicony Electronics Company Ltd",CEC,11/29/1996
"Chimei Innolux Corporation",CMN,09/02/2010
"China Hualu Group Co., Ltd.",HLG,05/13/2013
Chloride-R&D,CHL,11/29/1996
"Christie Digital Systems Inc",CDG,04/24/2001
"Chromatec Video Products Ltd",CVP,08/09/2013
"Chrontel Inc",CHI,11/29/1996
"Chunghwa Picture Tubes,LTD.",CHT,03/15/2001
"Chunghwa Telecom Co., Ltd.",CTE,05/16/2002
"Chunichi Denshi Co.,LTD.",KCD,12/23/2010
"Chuomusen Co., Ltd.",QQQ,08/07/2002
"Chyron Corp",CGS,11/13/2008
Cine-tal,CNE,06/13/2007
"Cipher Systems Inc",PTG,11/29/1996
"Ciprico Inc",CIP,11/29/1996
"Ciprico Inc",CPC,11/29/1996
"Cirel Systemes",FPX,11/29/1996
"Cirque Corporation",CRQ,11/29/1996
"Cirrus Logic Inc",CIR,11/29/1996
"Cirrus Logic Inc",CLI,11/29/1996
"Cirtech (UK) Ltd",SNS,08/20/1997
"CIS Technology Inc",WSC,11/29/1996
"Cisco Systems Inc",CIS,11/29/1996
"Citicom Infotech Private Limited",CIL,08/10/2000
"Citifax Limited",CIT,07/16/1997
"Citron GmbH",CIN,07/28/2005
"Clarion Company Ltd",CLA,11/29/1996
"Clarity Visual Systems",CVS,01/13/2000
"Classe Audio",CLE,02/16/2006
"Clevo Company",CLV,01/30/1998
"Clinton Electronics Corp.",PPM,10/01/2003
"Clone Computers",CLO,11/29/1996
"Cloudium Systems Ltd.",CSL,02/14/2013
"CMC Ltd",CMC,11/29/1996
"C-Media Electronics",CMI,11/29/1996
"CNet Technical Inc",JQE,11/29/1996
"COBY Electronics Co., Ltd",COB,06/13/2007
"CODAN Pty. Ltd.",COD,10/23/2000
"Codec Inc.",COI,11/30/2001
"Codenoll Technical Corporation",CDN,11/29/1996
"COINT Multimedia Systems",CNT,03/20/1999
Colin.de,CDE,01/18/2005
"Colorado MicroDisplay, Inc.",CMD,03/20/1999
"Colorado Video, Inc.",CVI,08/15/2012
"COM 1",MVX,11/29/1996
"Comex Electronics AB",CMX,05/28/2004
"Comm. Intelligence Corporation",CIC,11/29/1996
"COMMAT L.t.d.",CLD,08/10/2000
"Communications Specialies, Inc.",SDH,09/06/2005
"Communications Supply Corporation (A division of WESCO)",INX,11/07/2012
"Compal Electronics Inc",CPL,11/29/1996
"Compaq Computer Company",CPQ,11/29/1996
"Compound Photonics",CPP,10/01/2013
CompuAdd,CPD,11/29/1996
"CompuMaster Srl",CMS,02/22/1999
"Computer Diagnostic Systems",CDS,03/15/2001
"Computer Peripherals Inc",CPI,11/29/1996
"Computer Technology Corporation",CTP,03/26/1998
"ComputerBoards Inc",CBI,02/03/1998
"Computerm Corporation",CTM,11/29/1996
"Computone Products",CTN,11/29/1996
Comrex,COX,10/18/2011
"Comtec Systems Co., Ltd.",CTS,04/25/2002
"Comtime GmbH",CMM,09/23/2002
"Comtrol Corporation",COM,11/29/1996
"Concept Development Inc",CDI,11/29/1996
"Concept Solutions & Engineering",CSE,12/11/1996
"Concepts Inc",DCI,11/29/1996
"Conexant Systems",CXT,01/20/1999
"congatec AG",CGT,06/16/2011
"Connect Int'l A/S",CNI,11/29/1996
"Connectware Inc",CWR,11/29/1996
"CONRAC GmbH",CRC,04/20/2004
"Consultancy in Advanced Technology",CAT,09/19/1997
"Consumer Electronics Association",CEA,09/05/2006
"CONTEC CO.,LTD.",CCJ,08/10/2000
"Contec Company Ltd",CON,11/29/1996
"Contemporary Research Corp.",CRH,02/24/2015
"Control4 Corporation",CTR,05/28/2014
"Convergent Data Devices",CDD,02/27/2004
"Convergent Design Inc.",CDV,09/05/2006
"Core Dynamics Corporation",CDC,11/29/1996
"Corion Industrial Corporation",ART,11/29/1996
"Core Technology Inc",COT,04/19/2000
CoreLogic,CLG,11/27/1998
"Cornerstone Imaging",CRN,11/29/1996
"Corollary Inc",COR,12/13/1996
"Cosmic Engineering Inc.",CSM,04/18/2012
"CoStar Corporation",COS,11/29/1996
"CoSystems Inc",CTA,10/24/1998
"Covia Inc.",CVA,05/11/2010
cPATH,CPT,03/09/1998
"CRALTECH ELECTRONICA, S.L.",CRA,03/24/2015
"Cray Communications",CDK,11/29/1996
"CRE Technology Corporation",IOA,06/30/1997
"Creative Labs Inc",CRE,11/29/1996
"Creative Logic  ",CRL,10/16/1997
"Creative Technology Ltd",CTL,11/29/1996
"Creatix Polymedia GmbH",CTX,11/29/1996
"Crescendo Communication Inc",CRS,11/29/1996
"Cresta Systems Inc",CSD,08/01/1997
"Crestron Electronics, Inc.",CEI,05/08/2006
"Crio Inc.",CRI,09/13/1999
"Cromack Industries Inc",CII,01/22/1997
"Crystal Computer",XTL,11/29/1996
"Crystal Semiconductor",CSC,11/29/1996
"CrystaLake Multimedia",CLM,11/29/1996
"CSS Laboratories",CSS,01/02/1997
"CSTI Inc",CST,11/29/1996
"CTC Communication Development Company Ltd",CTC,10/21/1997
"Cubix Corporation",CUB,11/29/1996
"Curtiss-Wright Controls, Inc.",CWC,04/05/2013
Cyberlabs,CYL,04/14/1998
CyberVision,CYB,05/13/1997
Cyberware,CYW,02/21/2000
"Cybex Computer Products Corporation",CBX,11/08/1999
"Cyclades Corporation",CYD,05/07/2001
"Cylink Corporation",CYC,11/29/1996
"Cyrix Corporation",CYX,10/21/1997
"Cyrix Corporation",CRX,03/21/1997
"Cytechinfo Inc",CYT,03/13/1998
"Cyviz AS",CYV,04/25/2002
"D&M Holdings Inc, Professional Business Company",DMP,09/05/2006
"D.N.S. Corporation",OPI,11/29/1996
"DA2 Technologies Corporation",DDA,03/13/2006
"DA2 Technologies Inc",DAW,09/06/2005
"Daewoo Electronics Company Ltd",DWE,11/29/1996
"Dai Telecom S.p.A.",TLT,06/04/2003
"Daintelecom Co., Ltd",DIN,11/08/1999
"DAIS SET Ltd.",DAI,02/21/2000
Daktronics,DAK,06/23/2004
"Dale Computer Corporation",DCC,11/29/1996
"Dancall Telecom A/S",DCT,08/12/1997
"Danelec Marine A/S",DAN,12/24/2009
"Danka Data Devices",DDD,11/29/1996
"Daou Tech Inc",DAU,11/29/1996
DAT,HCA,03/15/2001
"Data Apex Ltd",DAX,11/29/1996
"Data Display AG",DDI,07/17/2002
"Data Expert Corporation",DXP,11/29/1996
"Data Export Corporation",EXP,11/29/1996
"Data Modul AG",DMO,12/03/2013
"Data Price Informatica",EBH,05/24/2001
"Data Race Inc",DRI,07/30/1997
"Data Ray Corp.",DRC,11/30/2001
"Data Translation",DTX,11/29/1996
"Data Video",DVT,02/13/2007
"Databook Inc",DBK,11/29/1996
"Datacast LLC",DCD,12/02/1997
"Datacommunicatie Tron B.V.",TRN,11/29/1996
"Datacube Inc",DQB,11/29/1996
"Datadesk Technologies Inc",DDT,11/27/1998
"Datakey Inc",DKY,04/06/1998
"Datalogic Corporation",LJX,11/29/1996
"Datang  Telephone Co",DTN,09/23/1998
"Dataq Instruments Inc",DII,11/29/1996
"Datasat Digital Entertainment",DDE,11/18/2011
"Datatronics Technology Inc",DCV,01/02/1997
"Datel Inc",DAT,11/29/1996
"Datenerfassungs- und Informationssysteme",MSD,03/16/1998
"Davicom Semiconductor Inc",DAV,01/15/1997
"DAVIS AS",DAS,02/03/1998
"DB Networks Inc",DBN,12/01/1997
"DBA Hans Wedemeyer",HWC,03/20/1999
"DCM Data Products",DCM,11/29/1996
"Dearborn Group Technology",DGT,11/11/1997
"DECIMATOR DESIGN PTY LTD",DXD,03/06/2012
"Decros Ltd",DCR,11/29/1996
"Deep Video Imaging Ltd",MLD,08/14/2003
"DEI Holdings dba Definitive Technology",DFT,12/09/2011
"Deico Electronics",DEI,11/29/1996
"Dell Inc",DLL,03/27/2009
"Dell Inc.",DEL,12/09/2009
"Delphi Automotive LLP",DPH,10/15/2013
"Delta Electronics Inc",DPC,11/29/1996
"Delta Information Systems, Inc",DDV,01/03/2012
DELTATEC,DTA,03/13/2009
"Deltec Corporation",FPS,11/29/1996
"DENON, Ltd.",DON,04/01/2004
"Dension Audio Systems",DHD,03/04/2013
"Densitron Computers Ltd",DEN,09/13/1999
"Design & Test Technology, Inc.",DTT,09/30/2010
"Design Technology",LPI,11/29/1996
"Deterministic Networks Inc.",DNI,04/19/2000
"Deutsche Telekom Berkom GmbH",BCQ,08/12/1997
"Deutsche Thomson OHG",DTO,06/14/2007
"Devolo AG",DVL,05/30/2002
"Dextera Labs Inc",DXL,12/09/2009
DFI,DFI,11/29/1996
"DH Print",DHP,11/29/1996
Diadem,DIA,11/29/1996
"Diagsoft Inc",DGS,11/29/1996
"Dialogue Technology Corporation",DCO,06/16/2004
"Diamond Computer Systems Inc",DCS,11/29/1996
"Diamond Lane Comm. Corporation",DLC,11/29/1996
DiCon,DNV,12/15/2004
"Dictaphone Corporation",DVD,04/03/1998
"Diebold Inc.",DBD,09/05/2006
"Digatron Industrie Elektronik GmbH",DAE,02/24/1997
"DIGI International",DGI,11/29/1996
"DigiBoard Inc",DBI,11/29/1996
"Digicom S.p.A.",DIG,11/29/1996
"Digicom Systems Inc",DMB,03/13/1998
"Digicorp European sales S.A.",DGP,05/22/1997
"Digiital Arts Inc",DGA,06/14/2007
"Digipronix Control Systems",DXC,07/16/1999
"Digital Acoustics Corporation",DAC,05/24/2000
"Digital Audio Labs Inc",DAL,11/29/1996
"Digital Communications Association",DCA,11/29/1996
"Digital Discovery",SHR,09/24/1997
"Schneider Electric Japan Holdings, Ltd.",PRF,01/02/2003
"Digital Equipment Corporation",DEC,11/29/1996
"Digital Processing Systems",DPS,11/29/1996
"Digital Projection Limited",DPL,07/09/2002
"DIGITAL REFLECTION INC.",DRD,02/21/2000
"Digital Video System",DVS,11/29/1996
"DigiTalk Pro AV",DPA,10/23/2000
"Digital-Logic GmbH",DLG,09/02/2003
"Digitan Systems Inc",DSI,11/29/1996
"Digitelec Informatique Park Cadera",DLT,11/29/1996
"Dimension Technologies, Inc.",DTE,05/03/2010
"Dimond Multimedia Systems Inc",DMM,11/29/1996
"Diseda S.A.",DIS,11/29/1996
"Distributed Management Task Force, Inc. (DMTF)",DMT,03/31/2009
"Diversified Technology, Inc.",DTI,11/29/1996
"D-Link Systems Inc",ABO,11/29/1996
"D-Link Systems Inc",DLK,11/29/1996
"DNA Enterprises, Inc.",DNA,09/01/1998
"DO NOT USE - AUO",AUO,09/16/2008
"DO NOT USE - LPL",LPL,09/16/2008
"DO NOT USE - PHI",PHI,11/29/1996
"DO NOT USE - PTW",PTW,09/09/2009
"DO NOT USE - PVC",PVC,09/09/2009
"DO NOT USE - RTK",RTK,09/09/2009
"DO NOT USE - SEG",SEG,09/09/2009
"DO NOT USE - TNJ",TNJ,09/09/2009
"DO NOT USE - UND",UND,11/29/1996
"DO NOT USE - UNE",UNE,11/29/1996
"DO NOT USE - UNF",UNF,11/29/1996
"DO NOT USE - WAN",WAN,09/09/2009
"DO NOT USE - XER",XER,09/09/2009
"DO NOT USE - XOC",XOC,09/09/2009
"Doble Engineering Company",DBL,11/29/1996
DocuPoint,DPI,11/29/1996
"Dolby Laboratories Inc.",DLB,01/27/2010
"Dolman Technologies Group Inc",DOL,11/11/1997
"Domain Technology Inc",DSP,11/29/1996
"DOME imaging systems",DMS,10/23/2000
"Dome Imaging Systems",DOM,11/29/1996
"Dongguan Alllike Electronics Co., Ltd.",AIK,04/11/2015
"Dosch & Amand GmbH & Company KG",DUA,12/02/1997
"Dotronic Mikroelektronik GmbH",DOT,06/28/2002
"dPict Imaging, Inc.",DIM,02/12/2008
"DpiX, Inc.",DPX,09/23/1998
DPT,DPT,11/29/1996
"Dr. Bott KG",DRB,04/25/2002
"Dr. Neuhous Telekommunikation GmbH",DNT,11/29/1996
"Dragon Information Technology",DIT,11/29/1996
"DRS Defense Solutions, LLC",DRS,10/18/2011
"DS Multimedia Pte Ltd",DSD,02/14/2006
"DSM Digital Services GmbH",DSM,11/29/1996
"dSPACE GmbH",DCE,12/16/1996
"DTC Tech Corporation",DTC,11/29/1996
"DugoTech Co., LTD",DGK,06/14/2007
"Dune Microsystems Corporation",DMC,11/29/1996
"Dycam Inc",DYC,01/08/1998
"Dymo-CoStar Corporation",DYM,12/28/1998
"Dynamic Controls Ltd",DCL,05/24/2000
"Dynax Electronics (HK) Ltd",DTK,11/29/1996
"Dynax Electronics (HK) Ltd",DYX,11/29/1996
"e.Digital Corporation",EDC,10/23/2000
"E.E.P.D. GmbH",EEP,06/14/2007
"Eagle Technology",EGL,11/29/1996
"Eastman Kodak Company",KOD,05/24/2000
"Eastman Kodak Company",EKC,11/29/1996
"Easytel oy",TWI,07/16/1999
"EBS Euchner Büro- und Schulsysteme GmbH",EBS,02/05/2013
"Echo Speech Corporation",ECO,11/29/1996
"Eclipse Tech Inc",ETI,11/29/1996
"E-Cmos Tech Corporation",ECM,11/29/1996
"Eden Sistemas de Computacao S/A",ESC,11/29/1996
"Edimax Tech. Company Ltd",EDI,11/29/1996
EDMI,EDM,07/16/1998
"Edsun Laboratories",ELI,11/29/1996
"EE Solutions, Inc.",EES,04/16/2003
"EEH Datalink GmbH",EEH,07/03/1997
"Efficient Networks",ENI,11/29/1996
"Egenera, Inc.",EGN,10/08/2002
"Eicon Technology Corporation",EIC,11/29/1996
"EIZO GmbH Display Technologies",EGD,02/13/2009
"Eizo Nanao Corporation",ENC,12/28/1998
"EKSEN YAZILIM",EKS,04/25/2002
"ELAD srl",ELA,04/25/2002
"ELAN MICROELECTRONICS CORPORATION",ETD,11/03/2009
"ELAN MICROELECTRONICS CORPORATION",TSH,11/14/2014
"Elbit Systems of America",ESA,06/15/2009
"ELCON Systemtechnik GmbH",ESG,07/16/1999
"ELEA CardWare",LXS,06/25/1998
"Elecom Company Ltd",ECP,11/29/1996
"Elecom Company Ltd",ELE,11/29/1996
"Electro Cam Corp.",ECA,08/10/2000
"Electro Scientific Ind",ELC,11/29/1996
"Electronic Measurements",MMM,11/29/1996
"Electronic Trade Solutions Ltd",ETS,08/20/2002
"Electronic-Design GmbH",EDG,08/12/1997
"Electrosonic Ltd",ELL,09/13/1999
"Element Labs, Inc.",ELT,10/11/2007
"Elgato Systems LLC",EGA,02/08/2011
"Elitegroup Computer Systems Company Ltd",ECS,11/29/1996
"Elitegroup Computer Systems Company Ltd",UEG,11/29/1996
"Elmeg GmbH Kommunikationstechnik",ELG,11/29/1996
"Elmic Systems Inc",ELM,11/29/1996
"ELMO COMPANY, LIMITED",EMO,06/26/2012
"Elo TouchSystems Inc",ELO,11/29/1996
"Elonex PLC",ELX,11/29/1996
"El-PUSK Co., Ltd.",LPE,08/14/2001
"ELSA GmbH",ELS,11/29/1996
"ELTEC Elektronik AG",EAG,11/25/2014
"Embedded computing inc ltd",EMB,02/25/2002
"Embedded Solution Technology",EST,05/24/2000
"Embrionix Design Inc.",EMD,07/24/2013
"Emcore Corporation",EMK,05/31/2012
"Emerging Display Technologies Corp",EDT,08/18/2009
"EMG Consultants Inc",EMG,11/29/1996
"EMiNE TECHNOLOGY COMPANY, LTD.",EME,06/16/2005
Empac,EPC,12/04/1996
"Emulex Corporation",EMU,11/29/1996
"Enciris Technologies",ECI,11/01/2008
"Enciris Technologies",ECT,11/01/2008
"ENE Technology Inc.",ENE,03/15/2001
"e-Net Inc",DTL,10/16/1997
Enhansoft,EHN,11/16/2010
"ENIDAN Technologies Ltd",END,04/19/2000
"Ensemble Designs, Inc",ESD,12/09/2009
"Ensoniq Corporation",ENS,11/29/1996
"Enterprise Comm. & Computing Inc",ENT,11/29/1996
"Envision Peripherals, Inc",EPI,02/22/1999
"Eon Instrumentation, Inc.",EON,01/15/2015
"EPiCON Inc.",EPN,09/23/1998
"Epiphan Systems Inc. ",EPH ,03/14/2011
"Epson Research",EHJ,11/29/1996
"Equinox Systems Inc",EQX,11/29/1996
"Equipe Electronics Ltd.",EQP,07/14/2005
"Ergo Electronics",EGO,11/29/1996
"Ergo System",ERG,11/29/1996
"Ericsson Mobile Communications AB",ERI,10/22/1997
"Ericsson Mobile Networks B.V.",EUT,04/14/1998
"Ericsson, Inc.",ERN,09/23/1998
ES&S,ESK,11/08/1999
eSATURNUS,ESN,02/21/2012
"Escort Insturments Corporation",ERT,05/02/1997
"ESS Technology Inc",ESS,11/29/1996
"ESSential Comm. Corporation",ECC,11/29/1996
"Esterline Technologies",ESL,01/06/2012
ScioTeq,ESB,01/15/2015
"E-Systems Inc",ESY,11/29/1996
"ET&T Technology Company Ltd",EEE,05/04/1998
"E-Tech Inc",ETT,11/29/1996
"eTEK Labs Inc.",ETK,07/16/1998
"Etherboot Project",ETH,07/09/2010
"Eugene Chukhlomin Sole Proprietorship, d.b.a.",ECK,05/03/2008
"Euraplan GmbH",ERP,11/29/1996
"Evans and Sutherland Computer",EAS,01/28/2003
Everex,EVX,11/29/1996
"Everton Technology Company Ltd",ETC,04/10/1997
"Evertz Microsystems Ltd.",ETL,06/14/2007
"eviateg GmbH",EVI,02/21/2000
"Ex Machina Inc",EMI,11/29/1996
"Exacom SA",YHW,11/29/1996
"Exatech Computadores & Servicos Ltda",EXT,09/23/1998
"Excel Company Ltd",ECL,05/27/1997
"Excession Audio",EXC,11/06/1998
"EXFO Electro Optical Engineering",XFO,04/29/1998
"Exide Electronics",EXI,11/29/1996
"Extended Systems, Inc.",ESI,07/16/1999
"Exterity Ltd",EXY,02/12/2009
"Extraordinary Technologies PTY Limited",CRO,04/11/2005
"Exxact GmbH",EXX,11/29/1996
"eyefactive Gmbh",EYF,07/07/2015
"eyevis GmbH",EYE,11/18/2011
"EzE Technologies",EZE,02/21/2005
"F.J. Tieman BV",FJT,06/25/1998
"Fairfield Industries",FFI,11/29/1996
"Fantalooks Co., Ltd.",FAN,03/12/2014
"Fanuc LTD",FNC,01/29/1997
"Farallon Computing",FAR,11/29/1996
"FARO Technologies",FRO,09/21/2012
"Faroudja Laboratories",FLI,06/02/2004
"Fast Multimedia AG",FMA,11/29/1996
"FastPoint Technologies, Inc.",FTI,06/21/2001
"Feature Integration Technology Inc.",FIT,08/11/2009
"Fellowes & Questec",FEL,11/29/1996
"Fellowes, Inc.",FMI,07/05/2001
"Fen Systems Ltd.",FEN,05/04/2010
"Ferranti Int'L",FER,11/29/1996
"Ferrari Electronic GmbH",TLA,12/04/1996
FHLP,FHL,11/29/1996
"Fibernet Research Inc",FRI,11/29/1996
"Finecom Co., Ltd.",FIN,11/27/1998
"Fingerprint Cards AB",FPC,06/14/2013
"First Industrial Computer Inc",PCG,11/29/1996
"First International Computer Inc",LEO,09/19/1997
"First International Computer Ltd",FCG,04/10/1997
"First Virtual Corporation",FVC,11/29/1996
"Flat Connections Inc",FWR,11/29/1996
"FlightSafety International",SSD,08/10/2000
"FLY-IT Simulators",FIS,09/08/1997
"FocalTech Systems Co., Ltd.",FTS,07/23/2013
"Focus Enhancements, Inc.",FCS,12/12/2002
"Fokus Technologies GmbH",FOK,10/22/2013
"FOR-A Company Limited",FOA,12/06/2008
"Force Computers",FRC,11/29/1996
"Ford Microelectronics Inc",FMC,03/11/1997
"Fore Systems Inc",FSI,11/29/1996
"Forefront Int'l Ltd",FIL,11/29/1996
"Formosa Industrial Computing Inc",FIC,11/29/1996
Formoza-Altair,FMZ,04/25/2003
"Forth Dimension Displays Ltd",FDD,07/07/2015
"Forvus Research Inc",FRE,04/24/1997
"Foss Tecator",FOS,10/22/1997
"Founder Group Shenzhen Co.",FZC,11/08/1999
"Fountain Technologies Inc",FTN,11/29/1996
"Fraunhofer Heinrich-Hertz-Institute",HHI,07/27/2012
"Freedom Scientific BLV",FRD,06/15/2007
"FREEMARS Heavy Industries",TCX,03/15/2001
"Frontline Test Equipment Inc.",FTE,01/20/1999
"FTG Data Systems",FTG,11/29/1996
"Fuji Xerox",FXX,11/29/1996
"FUJIFILM Corporation",FFC,08/22/2011
"Fujitsu Display Technologies Corp.",FDT,10/23/2002
"Fujitsu General Limited.",FGL,02/21/2000
"Fujitsu Ltd",FUJ,11/29/1996
"Fujitsu Microelect Ltd",FML,11/29/1996
"Fujitsu Peripherals Ltd",FPE,08/19/1997
"Fujitsu Siemens Computers GmbH",FUS,01/13/2000
"Fujitsu Spain",FJS,11/29/1996
"FCL COMPONENTS LIMITED",FJC,05/16/1999
"FUJITSU TEN LIMITED",FTL,12/20/2011
"Funai Electric Co., Ltd.",FNI,01/18/2005
"Furukawa Electric Company Ltd",FCB,11/29/1996
"FURUNO ELECTRIC CO., LTD.",FEC,11/29/1996
"Future Designs, Inc.",FDI,09/29/2014
"Future Domain",FDC,11/29/1996
"Future Systems Consulting KK",FSC,11/29/1996
"Futuretouch Corporation",FTC,11/29/1996
"FZI Forschungszentrum Informatik",FZI,08/12/1997
"G&W Instruments GmbH",SPH,02/25/2002
"G. Diehl ISDN GmbH",GDI,11/29/1996
"Gadget Labs LLC",GLS,11/29/1996
"Gage Applied Sciences Inc",GAG,11/29/1996
"GAI-Tronics, A Hubbell Company",HUB,03/26/2009
"Galil Motion Control",GAL,11/29/1996
"Garmin International",GRM,12/09/2011
"Garnet System Company Ltd",GTM,11/29/1996
"Gateway 2000",GWY,11/29/1996
"Gateway Comm. Inc",GCI,11/29/1996
"Gateworks Corporation",GWK,07/31/2013
"Gaudi Co., Ltd.",GAU,03/31/2003
"GCC Technologies Inc",GCC,06/05/1997
GDS,GDS,06/23/2004
"GE Fanuc Embedded Systems",GEF,06/14/2007
"Abaco Systems, Inc.",GEH,09/03/2010
"Gefen Inc.",GFN,10/11/2007
"Gem Plus",GEM,02/27/1998
"GEMINI 2000 Ltd",GMN,10/23/2000
"General Datacom",GDC,11/29/1996
"General Dynamics C4 Systems",GED,01/09/2013
"General Information Systems",GML,01/13/2000
"General Inst. Corporation",GIC,11/29/1996
"General Standards Corporation",GSC,07/16/1998
"General Touch Technology Co., Ltd.",GTT,11/21/2002
"Genesys ATE Inc",GEN,11/29/1996
"Genesys Logic",GLM,11/08/1999
"Gennum Corporation",GND,09/05/2006
"GEO Sense",GEO,11/29/1996
"Geotest Marvin Test Systems Inc",GTS,02/24/1998
"GERMANEERS GmbH",GER,12/20/2011
"GES Singapore Pte Ltd",GES,03/15/2001
"Getac Technology Corporation",GET,05/11/2010
"GFMesstechnik GmbH",GFM,03/15/2001
"GI Provision Ltd",GIP,02/08/2012
"Global Data SA",PST,11/29/1996
"Global Village Communication",GVL,11/29/1996
"GMK Electronic Design GmbH",GMK,01/18/2008
"GMM Research Inc",GMM,11/29/1996
"GMX Inc",GMX,11/29/1996
"GN Nettest Inc",GNN,07/30/1997
"GOEPEL electronic GmbH",GOE,06/24/2013
"Goldmund - Digital Audio SA",GLD,02/06/2012
"GOLD RAIN ENTERPRISES CORP.",GRE,06/04/2003
"Goldstar Company Ltd",GSM,11/29/1996
Goldtouch,GTI,08/06/1997
"Google Inc.",GGL,05/26/2010
"GoPro, Inc.",GPR,01/15/2015
"Granch Ltd",GRH,09/23/2002
"Grand Junction Networks",GJN,11/29/1996
"Grandstream Networks, Inc.",GSN,03/03/2014
"Graphic SystemTechnology",GST,11/29/1996
"Graphica Computer",GRA,11/29/1996
"Graphtec Corporation",GTC,11/29/1996
"Grass Valley Germany GmbH",TGV,06/14/2007
"Grey Cell Systems Ltd",GCS,04/29/1997
"Grossenbacher Systeme AG",GSY,04/19/2000
"G-Tech Corporation",GTK,11/29/1996
"Guillemont International",GIM,10/29/1997
"GUNZE Limited",GZE,05/02/2005
"Gunze Ltd",GNZ,11/29/1996
"Guntermann & Drunck GmbH",GUD,03/10/2003
"Guzik Technical Enterprises",GUZ,11/29/1996
"GVC Corporation",GVC,11/29/1996
"H.P.R. Electronics GmbH",HPR,08/29/2007
"Hagiwara Sys-Com Company Ltd",HSC,11/29/1996
"GW Instruments",GWI,11/29/1996
"Haider electronics",HAE,07/05/2001
"Haivision Systems Inc.",HAI,11/15/2007
Halberthal,HAL,02/10/1998
"Hall Research",HRI,05/10/2012
"HAMAMATSU PHOTONICS K.K.",HPK,12/20/2006
"Hampshire Company, Inc.",HTI,01/20/1999
"Hanchang System Corporation",HAN,06/21/2003
"HannStar Display Corp",HSD,08/11/2009
"HannStar Display Corp",HSP,08/11/2009
"HardCom Elektronik & Datateknik",HDC,04/14/1998
"Harman International Industries, Inc",HII,01/09/2015
"Harris & Jeffries Inc",HJI,11/29/1996
"Harris Canada Inc",HWA,03/13/1998
"Harris Corporation",HAR,12/20/2011
"Harris Semiconductor",HRS,01/02/1997
"Hauppauge Computer Works Inc",HCW,11/29/1996
"Hayes Microcomputer Products Inc",HAY,11/29/1996
"HCL America Inc",HCL,11/29/1996
"HCL Peripherals",HCM,10/02/2001
"HD-INFO d.o.o.",HDI,10/08/2001
"Headplay, Inc.",HPI,04/30/2007
"Heng Yu Technology (HK) Limited",HYT,10/23/2000
Hercules,HRC,03/15/2001
HERCULES,HRT,03/15/2001
"HETEC Datensysteme GmbH",HET,02/03/2004
"Hewlett Packard",HWP,03/15/2001
"Hewlett Packard",HPD,05/02/1997
"Hewlett-Packard Co.",HPC,08/10/2000
"Hewlett-Packard Co.",HPQ,07/12/2004
"Hexium Ltd.",HXM,04/15/2008
"Hibino Corporation",HIB,07/09/2003
"Highwater Designs Ltd",HWD,11/29/1996
"Hikom Co., Ltd.",HIK,10/13/2003
"Hilevel Technology",HIL,11/29/1996
"HIRAKAWA HEWTECH CORP.",HHC,05/20/2008
"Hitachi America Ltd",HIT,11/29/1996
"Hitachi Consumer Electronics Co., Ltd",HCE,05/15/2009
"Hitachi Information Technology Co., Ltd.",HIC,04/19/2000
"Hitachi Ltd",HTC,11/29/1996
"Hitachi Maxell, Ltd.",MXL,01/13/2000
"Hitachi Micro Systems Europe Ltd",HEL,07/09/1997
"Hitex Systementwicklung GmbH",HTX,01/30/1998
"hmk Daten-System-Technik BmbH",HMK,09/30/1997
"HOB Electronic GmbH",HOB,11/29/1996
"Holoeye Photonics AG",HOL,02/02/2005
"Holografika kft.",HDV,03/31/2005
"Holtek Microelectronics Inc",HTK,11/29/1996
"Home Row Inc",INC,11/29/1996
"HON HAI PRECISON IND.CO.,LTD.",FOX,08/02/2010
"HONKO MFG. CO., LTD.",HKA,12/01/2004
"Hope Industrial Systems, Inc.",HIS,01/13/2014
"Horner Electric Inc",APG,11/29/1996
"Horsent Technology Co., Ltd.",HST,04/11/2015
"Hosiden Corporation",HOE,08/05/1997
"HTBLuVA Mödling",HTL,02/17/2014
"Hualon Microelectric Corporation",HMC,11/29/1996
"HUALONG TECHNOLOGY CO., LTD",EBT,06/15/2007
"Hughes Network Systems",HNS,11/29/1996
"HUMAX Co., Ltd.",HMX,02/14/2006
"HYC CO., LTD.",HYO,04/12/2006
"Hydis Technologies.Co.,LTD",HYD,11/22/2010
"Hynix Semiconductor",HYV,11/29/2008
"Hypercope Gmbh Aachen",HYC,12/01/1997
"Hypertec Pty Ltd",HYR,11/29/1996
"Hyphen Ltd",HYP,11/29/1996
"I&T Telecom.",ITT,11/08/1999
"I/OTech Inc",IOT,11/29/1996
"IAT Germany GmbH",IAT,11/29/1996
"IBM Brasil",IBM,11/29/1996
"IBM Corporation",CDT,11/29/1996
"IBP Instruments GmbH",IBP,09/23/1998
"IBR GmbH",IBR,01/16/1998
"IC Ensemble",ICE,09/19/1997
"ICA Inc",ICA,05/20/2002
"ICCC A/S",ICX,11/29/1996
"ICD Inc",ICD,06/09/1997
"ICET S.p.A.",ARE,05/16/1999
"ICP Electronics, Inc./iEi Technology Corp.",ICP,09/07/2012
ICSL,IUC,08/14/1997
"Icuiti Corporation",XTD,06/14/2007
"Icuiti Corporation",IWR,03/06/2007
"Id3 Semiconductors",ISC,03/15/2001
"IDE Associates",IDE,11/29/1996
"IDEO Product Development",IDO,09/30/1997
"idex displays",DEX,04/25/2002
"IDEXX Labs",IDX,11/29/1996
"IDK Corporation",IDK,04/16/2003
"Idneo Technologies",IDN,07/05/2012
IDTECH,ITS,06/17/2002
IEE,IEE,06/21/2001
"IGM Communi",IGM,11/29/1996
"IINFRA Co., Ltd",IIN,05/09/2003
"Iiyama North America",IVM,11/29/1996
"Ikegami Tsushinki Co. Ltd.",IKE,11/14/2014
"Ikos Systems Inc",IKS,11/29/1996
ILC,IND,06/16/2004
"Image Logic Corporation",ILC,11/29/1996
"Image Stream Medical",ISM,05/27/2010
"IMAGENICS Co., Ltd.",IMG,09/05/2006
"IMAGEQUEST Co., Ltd",IQT,10/08/2002
Imagraph,IME,12/04/1996
Imagraph,IMA,11/29/1996
"ImasDe Canarias S.A.",IMD,07/03/1997
"IMC Networks",IMC,11/29/1996
"Immersion Corporation",IMM,07/16/1997
"IMP Electronics Ltd.",HUM,06/16/2004
Impinj,IMP,08/14/2012
"Impossible Production",IMN,08/10/2000
"In Focus Systems Inc",IFS,11/29/1996
"In4S Inc",ALD,12/05/1997
INBINE.CO.LTD,IBI,11/06/2001
"Indtek Co., Ltd.",INK,03/26/2007
"IneoQuest Technologies, Inc",IQI,02/18/2011
"Industrial Products Design, Inc.",IPD,07/16/1999
"Ines GmbH",INS,11/29/1996
"Infineon Technologies AG",IFX,04/19/2000
"Infinite Z",IFZ,01/04/2012
"Informatik Information Technologies",IIT,08/14/2013
Informtech,IFT,11/29/1996
"Infotek Communication Inc",ICI,11/29/1996
"Infotronic America, Inc.",ITR,06/21/2001
"Inframetrics Inc",INF,11/29/1996
"Ingram Macrotron",VSN,08/10/2000
"Ingram Macrotron Germany",VID,05/24/2000
"InHand Electronics",IHE,04/20/2010
"Initio Corporation",INI,11/29/1996
"Inmax Technology Corporation",IMT,02/12/2003
"Innolab Pte Ltd",INO,01/20/1999
"InnoLux Display Corporation",INL,12/15/2004
"InnoMedia Inc",INM,11/29/1996
"Innotech Corporation",ILS,10/23/2000
"Innovate Ltd",ATE,11/29/1996
"Innovent Systems, Inc.",INN,04/19/2000
"Innoware Inc",WII,01/30/1998
"Inovatec S.p.A.",inu,03/15/2001
"Inside Contactless",ICV,11/04/2010
"Inside Out Networks",ION,12/28/1998
"Insignia Solutions Inc",ISG,11/29/1996
"INSIS Co., LTD.",ISR,02/12/2003
"Institut f r angewandte Funksystemtechnik GmbH",IAF,03/20/1999
"Integraph Corporation",ING,11/29/1996
"Integrated Business Systems",IBC,11/29/1996
"Integrated Device Technology, Inc.",IDP,01/27/2010
"Integrated Tech Express Inc",ITE,11/29/1996
"Integrated Tech Express Inc",SRC,11/29/1996
"integrated Technology Express Inc",ITX,06/25/1997
"Integration Associates, Inc.",IAI,03/17/2004
"Intel Corp",ICO,08/10/2000
"Intelligent Instrumentation",III,11/29/1996
"Intelligent Platform Management Interface (IPMI) forum (Intel, HP, NEC, Dell)",IPI,05/24/2000
"Intelliworxx, Inc.",IWX,05/16/1999
"Intellix Corp.",SVC,01/18/2008
"Interaction Systems, Inc",TCH,03/20/1999
"Interactive Computer Products Inc",PEN,01/15/1997
"Intercom Inc",ITC,11/29/1996
"Interdigital Sistemas de Informacao",IDS,10/28/1997
"Interface Corporation",FBI,11/29/1996
"Interface Solutions",ISI,11/29/1996
"Intergate Pty Ltd",IGC,11/29/1996
"Interlace Engineering Corporation",IEC,11/29/1996
"Interlink Electronics",IEI,10/16/1998
"International Datacasting Corporation",IDC,02/25/1997
"International Display Technology",IDT,05/16/2002
"International Integrated Systems,Inc.(IISI)",ISY,08/10/2000
"International Microsystems Inc",IMI,11/29/1996
"International Power Technologies",IPT,04/11/1997
"Internet Technology Corporation",ITD,12/05/1997
"Interphase Corporation",INP,11/29/1996
"Interphase Corporation",INT,11/29/1996
"Intersil Corporation",LSD,03/14/2012
"Intersolve Technologies",IST,03/20/1999
Inter-Tel,ITL,03/21/1997
"Intertex Data AB",IXD,11/29/1996
"Intervoice Inc",IVI,11/29/1996
"Intevac Photonics Inc.",IVS,02/16/2011
"Intracom SA",ICM,08/03/1998
"Intrada-SDD Ltd",SDD,11/21/2007
"IntreSource Systems Pte Ltd",ISP,08/27/1997
"Intuitive Surgical, Inc.",SRG,02/16/2006
"Inventec Corporation",INA,09/13/2013
"Inventec Electronics (M) Sdn. Bhd.",INE,07/21/1998
"Inviso, Inc.",INV,10/23/2000
"I-O Data Device Inc",IOD,11/29/1996
"i-O Display System",IOS,03/15/2001
Iomega,IOM,11/29/1996
"IP Power Technologies GmbH",IPP,12/06/2010
"IP3 Technology Ltd.",IPQ,11/11/2013
"IPC Corporation",IPC,11/29/1996
"IPM Industria Politecnica Meridionale SpA",IPM,09/23/1998
"IPS, Inc. (Intellectual Property Solutions, Inc.)",IPS,09/05/2001
"IPWireless, Inc",IPW,03/15/2001
"ISIC Innoscan Industrial Computers A/S",IIC,07/23/2003
"Isolation Systems",ISL,11/29/1996
"ISS Inc",ISS,11/29/1996
"Itausa Export North America",ITA,11/29/1996
"Ithaca Peripherals",IPR,07/01/1997
"ITK Telekommunikation AG",ITK,11/29/1996
"ITM inc.",ITM,04/24/2001
"IT-PRO Consulting und Systemhaus GmbH",ITP,10/23/2000
"Jace Tech Inc",JCE,11/29/1996
"Jaeik Information & Communication Co., Ltd.",JIC,10/23/2000
"Jan Strapko - FOTO",XFG,05/07/2001
"Janich & Klass Computertechnik GmbH",JUK,10/08/2002
"Janz Automationssysteme AG",JAS,11/03/2009
"Japan Aviation Electronics Industry, Limited",JAE,03/15/2001
"Japan Digital Laboratory Co.,Ltd.",JDL,04/19/2000
"Japan Display Inc.",JDI,04/18/2013
"Jaton Corporation",JAT,09/24/1997
"JET POWER TECHNOLOGY CO., LTD.",JET,03/15/2001
"Jetway Information Co., Ltd",JWY,09/22/2003
"jetway security micro,inc",JTY,11/11/2009
"Jiangsu Shinco Electronic Group Co., Ltd",SHI,08/10/2004
"Jones Futurex Inc",JFX,11/29/1996
"Jongshine Tech Inc",LTI,11/29/1996
"Josef Heim KG",HKG,11/29/1996
"JPC Technology Limited",JPC,10/23/2000
"JS DigiTech, Inc",JSD,10/23/2000
"JS Motorsports",JTS,12/05/1997
Junnila,TPJ,03/15/2001
"Jupiter Systems",JUP,09/05/2006
"Jupiter Systems, Inc.",JSI,06/14/2007
JVC,JVC,10/23/2000
"JVC KENWOOD Corporation",JKC,03/08/2012
"JWSpencer & Co.",JWS,07/16/1999
"Kansai Electric Company Ltd",SGE,12/04/1996
"Kaohsiung Opto Electronics Americas, Inc.",HIQ,03/14/2012
"Karn Solutions Ltd.",KSL,05/08/2006
Karna,KAR,02/21/2000
"Katron Tech Inc",KTN,11/29/1996
"Kayser-Threde GmbH",KTG,11/29/1996
"KDDI Technology Corporation",KDT,05/22/2012
KDE,KDE,08/14/2001
"KDS USA",KDS,11/29/1996
"KEISOKU GIKEN Co.,Ltd.",KGL,04/17/2012
"Kensington Microware Ltd",KML,11/29/1996
"Kenwood Corporation",KWD,02/22/2008
KEPS,EPS,11/29/1996
"Kesa Corporation",KES,11/29/1996
"Key Tech Inc",KEY,11/29/1996
"Key Tronic Corporation",KTK,11/29/1996
"Keycorp Ltd",KCL,05/20/1997
KeyView,KVX,08/13/2012
"Kidboard Inc",KBI,04/24/1997
"KIMIN Electronics Co., Ltd.",KME,02/15/2011
"Kinetic Systems Corporation",KSC,11/29/1996
"King Phoenix Company",KPC,11/29/1996
"King Tester Corporation",KSX,07/16/1998
"Kingston Tech Corporation",KTC,11/29/1996
"Kionix, Inc.",KIO,12/23/2013
"KiSS Technology A/S",KIS,06/16/2005
"Klos Technologies, Inc.",PVP,08/10/2000
"Kobil Systems GmbH",KBL,03/15/2001
"Kobil Systems GmbH",KOB,03/15/2001
"Kodiak Tech",KDK,11/29/1996
"Kofax Image Products",KFX,11/29/1996
"Kollmorgen Motion Technologies Group",KOL,11/29/1996
"KOLTER ELECTRONIC",KOE,03/15/2001
"Komatsu Forest",KFE,04/20/2010
"Konica corporation",KNC,08/05/1997
"Konica Technical Inc",KTI,11/29/1996
"Kontron Electronik",TWE,11/29/1996
"Kontron Embedded Modules GmbH",KEM,08/29/2007
"Kontron Europe GmbH",KEU,02/20/2014
"Korea Data Systems Co., Ltd.",KDM,12/18/2003
"KOUZIRO Co.,Ltd.",KOU,07/27/2012
"KOWA Company,LTD.",KOW,03/12/2008
"Kramer Electronics Ltd. International",KMR,07/10/2013
"Krell Industries Inc.",KRL,08/03/2004
"Kroma Telecom",KRM,05/05/2010
"Kroy LLC",KRY,07/16/1998
K-Tech,KTE,03/31/2003
"KUPA China Shenzhen Micro Technology Co., Ltd. Gold Institute",KSG,04/22/2014
"Kurta Corporation",KUR,11/29/1996
"Kvaser AB",KVA,01/24/1997
"KYE Syst Corporation",KYE,11/29/1996
"Kyocera Corporation",KYC,11/29/1996
"Kyushu Electronics Systems Inc",KEC,01/12/1998
"K-Zone International",KZN,06/21/2001
"K-Zone International co. Ltd.",KZI,08/10/2000
"L-3 Communications",LLL,05/11/2010
"La Commande Electronique",LCE,11/29/1996
"Labcal Technologies",LCT,11/08/1999
"Labtec Inc",LTC,12/08/1997
"Labway Corporation",LWC,12/04/1996
LaCie,LAC,12/28/1998
"Laguna Systems",LAG,11/29/1996
"Land Computer Company Ltd",LND,11/29/1996
"LANETCO International",LNT,05/02/2003
"Lanier Worldwide",LWW,11/29/1996
"Lars Haagh ApS",LHA,01/09/1997
"LASAT Comm. A/S",LAS,11/29/1996
"Laser Master",LMT,11/29/1996
"Laserdyne Technologies",LDN,10/16/2013
"Lasergraphics, Inc.",LGX,02/21/2000
"Latitude Comm.",LCM,11/29/1996
"Lava Computer MFG Inc",LAV,04/14/1997
LCI,LCC,08/10/2000
"Lectron Company Ltd",LEC,03/27/1997
"Leda Media Products",LMP,05/11/1998
"Legerity, Inc",LEG,01/18/2005
"Leitch Technology International Inc.",LTV,12/09/2003
Lenovo,LNV,07/14/2005
"Lenovo Beijing Co. Ltd.",LIN,05/22/2012
"Lenovo Group Limited",LEN,06/03/2005
"Lexical Ltd",LEX,11/29/1996
LEXICON,LCN,03/01/2005
"Leutron Vision",PRS,11/29/1996
"Lexmark Int'l Inc",LMI,11/29/1996
"LG Semicom Company Ltd",LGS,11/29/1996
LGIC,MAN,02/21/2000
"LifeSize Communications",LSC,02/14/2006
"Lighthouse Technologies Limited",LHT,05/04/2010
"Lightware Visual Engineering",LWR,02/04/2009
"Lightware, Inc",LTW,10/16/1998
"Lightwell Company Ltd",LZX,12/02/1997
"Likom Technology Sdn. Bhd.",LKM,04/23/1998
"Linear Systems Ltd.",LNR,10/11/2007
"Link Tech Inc",LNK,11/29/1996
"Linked IP GmbH",LIP,07/19/2010
"Lisa Draexlmaier GmbH",FGD,02/22/1999
"Litelogic Operations Ltd",LOL,12/09/2011
"Lite-On Communication Inc",LCI,11/29/1996
"Lithics Silicon Technology",LIT,03/15/2001
"Litronic Inc",LTN,02/03/1998
"Locamation B.V.",LOC,01/09/2004
"Loewe Opta GmbH",LOE,05/02/2005
"Logic Ltd",LGC,04/02/1994
"Logical Solutions",LSL,11/29/1996
"Logicode Technology Inc",LOG,11/29/1996
"Logitech Inc",LGI,11/29/1996
"LogiDataTech Electronic GmbH",LDT,03/15/2001
"Logos Design A/S",SGO,04/24/2001
"Long Engineering Design Inc",LED,11/29/1996
"Longshine Electronics Company",LCS,11/29/1996
"Loughborough Sound Images",LSI,11/29/1996
"LSI Japan Company Ltd",LSJ,11/29/1996
"LSI Systems Inc",LSY,11/29/1996
"LTS Scale LLC",LTS,11/15/2007
Lubosoft,LBO,04/24/2001
"Lucent Technologies",LUC,04/19/2000
"Lucent Technologies",LMG,01/13/1997
"Lucidity Technology Company Ltd",LTK,05/18/1998
"Lumagen, Inc.",LUM,08/12/2004
"Lung Hwa Electronics Company Ltd",LHE,06/12/1998
Luxeon,LXN,03/15/2001
"Luxxell Research Inc",LUX,06/09/1997
"LVI Low Vision International AB",LVI,01/21/2011
"LXCO Technologies AG",LXC,01/11/2012
"MAC System Company Ltd",MAC,09/26/1997
"Mac-Eight Co., LTD.",MEJ,01/19/2011
"Macraigor Systems Inc",OCD,03/23/1998
"Macrocad Development Inc.",VHI,04/19/2000
"Macronix Inc",MXI,11/29/1996
"Madge Networks",MDG,11/29/1996
"Maestro Pty Ltd",MAE,12/04/1996
"MAG InnoVision",MAG,11/29/1996
"Magic Leap",MLP,11/14/2014
"Magni Systems Inc",MCP,11/29/1996
"MagTek Inc.",EKA,02/14/2006
"Magus Data Tech",MDT,11/29/1996
"Mainpine Limited",MPN,06/30/2007
"Mainpine Limited",MUK,09/13/1999
"Many CNC System Co., Ltd.",PAK,03/12/2004
"Maple Research Inst. Company Ltd",MPL,11/29/1996
"MARANTZ JAPAN, INC.",MJI,10/23/2000
"Marconi Instruments Ltd",MIL,11/29/1996
"Marconi Simulation & Ty-Coch Way Training",MRC,11/29/1996
"Marina Communicaitons",MCR,11/29/1996
"Mark Levinson",MLN,02/28/2005
"Mark of the Unicorn Inc",MTU,03/21/1997
"Marseille, Inc.",MNI,02/27/2013
"Marshall Electronics",MBM,03/13/2006
"Mars-Tech Corporation",MTC,11/29/1996
"Maruko & Company Ltd",MRK,11/29/1996
"MASPRO DENKOH Corp.",MSR,10/25/2012
"Mass Inc.",MAS,02/25/2002
"Matelect Ltd.",MEQ,05/30/2002
Matrox,MTX,11/29/1996
"Mat's Computers",MCQ,07/22/2004
"Matsushita Communication Industrial Co., Ltd.",WPA,03/15/2001
"Panasonic Connect Co.,Ltd.",MAT,04/01/2022
"MaxCom Technical Inc",MTI,11/29/1996
"MaxData Computer AG",VOB,02/21/2000
"MaxData Computer GmbH & Co.KG",MXD,04/19/2000
"Maxpeed Corporation",MXP,02/19/1997
"Maxtech Corporation",MXT,11/29/1996
"MaxVision Corporation",MXV,07/16/1999
"Maygay Machines, Ltd",DJP,08/10/2000
"Maynard Electronics",MAY,11/29/1996
"MAZeT GmbH",MAZ,08/11/1998
MBC,MBC,11/29/1996
"McDATA Corporation",MCD,11/29/1996
"McIntosh Laboratory Inc.",MLI,01/18/2008
"MCM Industrial Technology GmbH",MIT,10/29/2004
"MEC Electronics GmbH",CEM,04/19/2000
"Medar Inc",MDR,12/11/1996
"Media Technologies Ltd.",MTB,01/05/2009
"Media Tek Inc.",MKC,06/14/2007
"Media Vision Inc",MVI,11/29/1996
"Media4 Inc",MDA,03/20/1997
"Mediacom Technologies Pte Ltd",OWL,11/29/1996
"Mediaedge Corporation",MEK,11/19/2013
"MediaFire Corp.",MFR,12/28/1998
Mediasonic,FTR,11/29/1996
"MediaTec GmbH",MTE,12/13/1996
"Mediatek Corporation",MDK,03/13/1997
"Mediatrix Peripherals Inc",MPI,04/24/1997
"Medikro Oy",MRO,09/19/1997
"Mega System Technologies Inc",MEC,12/29/1997
"Mega System Technologies, Inc.",MGA,12/28/1998
"Megasoft Inc",MSK,11/29/1996
"Megatech R & D Company",MGT,11/29/1996
"Meld Technology",MEP,08/16/2012
"MEN Mikroelectronik Nueruberg GmbH",MEN,05/23/1997
"Mentor Graphics Corporation",MGC,07/30/2009
MEPCO,RLD,03/15/2001
MEPhI,PPD,11/27/1998
"Merging Technologies",MRT,11/29/1996
"Meridian Audio Ltd",MAL,02/04/2009
"Messeltronik Dresden GmbH",MED,11/29/1996
"MET Development Inc",MDV,11/29/1996
"Meta Watch Ltd",MTA,08/29/2013
"Metheus Corporation",MET,11/29/1996
"Metricom Inc",MCM,11/29/1996
"Metronics Inc",QCH,11/29/1996
"Mettler Toledo",NET,11/29/1996
"Metz-Werke GmbH & Co KG",MCE,06/30/2005
"M-G Technology Ltd",MGL,10/29/1997
"Micom Communications Inc",MIC,05/05/1997
"Micomsoft Co., Ltd.",MSX,04/10/2008
"Micro Computer Systems",MCS,11/29/1996
"Micro Design Inc",MDI,01/20/1998
"Micro Display Systems Inc",MDS,11/29/1996
"Micro Firmware",MFI,12/30/1997
"Micro Industries",MCC,04/21/2003
"Micro Solutions, Inc.",BPD,04/19/2000
"Micro Systemation AB",MSA,11/08/1999
"Micro Technical Company Ltd",JMT,11/29/1996
"Microbus PLC",MBD,08/13/2002
Microcom,MNP,11/29/1996
"MicroDatec GmbH",MDX,09/13/1999
"MicroDisplay Corporation",MRD,06/14/2007
"Microdyne Inc",MDY,12/18/1996
"MicroField Graphics Inc",MFG,11/29/1996
Microlab,MPJ,05/23/1997
Microline,LAF,09/13/1999
"Micrologica AG",MLG,10/06/1998
"Micromed Biotecnologia Ltd",MMD,12/11/1996
"Micromedia AG",MMA,04/24/1997
"Micron Electronics Inc",MCN,02/20/1997
"Micronics Computers",MCI,11/29/1996
micronpc.com,MIP,08/10/2000
"Micronyx Inc",MYX,11/29/1996
"Micropix Technologies, Ltd.",MPX,10/08/2001
"MicroSlate Inc.",MSL,05/16/1999
Microsoft,PNP,03/05/2004
Microsoft,MSH,11/29/1996
Microsoft,PNG,11/29/1996
MicroSoftWare,WBN,01/14/1998
Microstep,MSI,11/29/1996
Microtec,MCT,11/29/1996
"Micro-Tech Hearing Instruments",MTH,12/15/1997
"MICROTEK Inc.",MKT,07/14/2005
"Microtek International Inc.",MTK,02/25/2002
"MicroTouch Systems Inc",MSY,08/10/2000
Microvision,MVS,02/13/2009
"Microvitec PLC",MVD,11/29/1996
"Microway Inc",MWY,11/29/1996
"Midori Electronics",MDC,11/29/1996
"Mikroforum Ring 3",SFT,11/02/2004
"Milestone EPE",MLS,08/11/1998
"Millennium Engineering Inc",MLM,11/29/1996
"Millogic Ltd.",MLL,01/09/2014
"Millson Custom Solutions Inc.",MCX,10/17/2013
"Miltope Corporation",VTM,09/23/2009
"Mimio – A Newell Rubbermaid Company",MIM,07/31/2012
"MindTech Display Co. Ltd",MTD,06/14/2007
"MindTribe Product Engineering, Inc.",FTW,02/14/2011
"Mini Micro Methods Ltd",MNC,11/29/1996
"Minicom Digital Signage",MIN,08/13/2010
"MiniMan Inc",MMN,11/29/1996
"Minnesota Mining and Manufacturing",MMF,03/15/2001
"Miranda Technologies Inc",MRA,11/29/1996
Miratel,MRL,10/16/1998
"Miro Computer Prod.",MIR,11/29/1996
"miro Displays",MID,03/20/1999
"Mistral Solutions [P] Ltd.",MSP,09/23/1998
"Mitec Inc",MII,11/29/1996
"Mitel Corporation",MTL,08/01/1997
"Mitron computer Inc",MTR,11/29/1996
"Mitsubishi Electric Corporation",MEL,11/29/1996
"Mitsubishi Electric Engineering Co., Ltd.",MEE,10/03/2005
"Mitsumi Company Ltd",KMC,11/29/1996
"MJS Designs",MJS,11/29/1996
"MK Seiko Co., Ltd.",MKS,06/18/2013
"M-Labs Limited",OHW,11/27/2013
"MMS Electronics",MMS,02/24/1998
"Modesto PC Inc",FST,02/27/1997
MODIS,MDD,11/08/1999
"Modular Industrial Solutions Inc",MIS,11/29/1996
"Modular Technology",MOD,06/09/1997
"Momentum Data Systems",MOM,01/18/2008
"Monorail Inc",MNL,02/18/1997
Monydata,MYA,11/29/1996
"Moreton Bay",MBV,01/13/2000
"Moses Corporation",MOS,11/29/1996
"Mosgi Corporation",MSV,11/29/1996
"Motion Computing Inc.",MCO,05/30/2002
Motium,MTM,06/19/2012
motorola,MSU,03/15/2001
"Motorola Communications Israel",MCL,07/02/2002
"Motorola Computer Group",MCG,08/14/1997
"Motorola UDS",MOT,11/29/1996
"Mouse Systems Corporation",MSC,11/29/1996
"M-Pact Inc",MPC,11/29/1996
"mps Software GmbH",MPS,11/29/1996
"MS Telematica",MST,04/28/1997
"MSC Vertriebs GmbH",MEX,06/04/2012
"MSI GmbH",MSG,09/13/1999
"M-Systems Flash Disk Pioneers",MSF,12/17/1997
"Mtron Storage Technology Co., Ltd.",MTN,06/17/2008
"Multi-Dimension Institute",MUD,10/23/2000
Multimax,MMI,11/29/1996
"Multi-Tech Systems",MTS,11/29/1996
"Multiwave Innovation Pte Ltd",MWI,11/29/1996
"Mutoh America Inc",MAI,09/13/1999
mware,MWR,04/24/2001
"Mylex Corporation",MLX,11/29/1996
"Myriad Solutions Ltd",MYR,11/29/1996
"Myse Technology",WYS,11/29/1996
"N*Able Technologies Inc",NBL,04/28/1998
"NAD Electronics",NAD,06/14/2007
"Naitoh Densei CO., LTD.",NDK,04/12/2006
"Najing CEC Panda FPD Technology CO. ltd",NCP,02/24/2015
"Nakano Engineering Co.,Ltd.",NAK,07/22/2009
"Nakayo Relecommunications, Inc.",NYC,08/10/2000
"Nanomach Anstalt",SCS,11/29/1996
"Nasa Ames Research Center",ADR,11/29/1996
"National DataComm Corporaiton",NDC,11/29/1996
"National Display Systems",NDI,08/08/2003
"National Instruments Corporation",NIC,11/29/1996
"National Key Lab. on ISN",NBS,07/16/1998
"National Semiconductor Corporation",NSC,11/29/1996
"National Semiconductor Japan Ltd",TTB,04/14/1997
"National Transcomm. Ltd",NTL,11/29/1996
"Nationz Technologies Inc.",ZIC,03/12/2009
"Natural Micro System",NMS,11/29/1996
"NaturalPoint Inc.",NAT,09/03/2010
"Navatek Engineering Corporation",NVT,03/02/1998
"Navico, Inc.",NME,11/28/2012
"Navigation Corporation",NAV,02/22/1999
"Naxos Tecnologia",NAX,12/12/1997
"NCR Corporation",DUN,04/25/2002
"NCR Corporation",NCC,11/29/1996
"NCR Electronics",NCR,11/29/1996
"NDF Special Light Products B.V.",NDF,09/18/2014
"NDS Ltd",DMV,06/25/1997
"NEC Corporation",NEC,05/24/2000
"NEC CustomTechnica, Ltd.",NCT,10/23/2002
"NEC-Mitsubishi Electric Visual Systems Corporation",NMV,02/25/2002
"NEO TELECOM CO.,LTD.",NEO,11/08/1999
Neomagic,NMX,11/29/1996
"NeoTech S.R.L",NTC,11/11/1997
"Netaccess Inc",NTX,02/07/1997
"NetComm Ltd",NCL,11/29/1996
"NetVision Corporation",NVC,11/29/1996
"Network Alchemy",NAL,09/30/1997
"Network Designers",NDL,11/29/1996
"Network General",NGC,08/26/1997
"Network Info Technology",NIT,11/29/1996
"Network Peripherals Inc",NPI,11/29/1996
"Network Security Technology Co",NST,02/22/1999
"Networth Inc",NTW,11/29/1996
"NeuroSky, Inc.",NSA,08/28/2013
"NEUROTEC - EMPRESA DE PESQUISA E DESENVOLVIMENTO EM BIOMEDICINA",NEU,03/15/2001
"New Tech Int'l Company",NTI,11/29/1996
"NewCom Inc",NCI,01/09/1997
"Newisys, Inc.",NWS,10/08/2002
"Newport Systems Solutions",NSS,11/29/1996
Nexgen,NXG,11/29/1996
"Nexgen Mediatech Inc.,",NEX,11/11/2003
"Nexiq Technologies, Inc.",NXQ,10/08/2001
"Next Level Communications",NLC,11/29/1996
"NextCom K.K.",NXC,11/29/1996
"NingBo Bestwinning Technology CO., Ltd",NBT,09/05/2006
"NINGBO BOIGLE DIGITAL TECHNOLOGY CO.,LTD",BOI,11/25/2009
"Nippon Avionics Co.,Ltd",AVI,10/23/2000
"NIPPONDENCHI CO,.LTD",GSB,05/24/2000
"NISSEI ELECTRIC CO.,LTD",NSI,01/13/2000
"Nissei Electric Company",NIS,11/29/1996
"Nits Technology Inc.",NTS,12/19/2006
"Nixdorf Company",NCA,11/29/1996
NNC,NNC,11/29/1996
"Nokia Data",NDS,11/29/1996
"Nokia Display Products",NOK,11/29/1996
"Nokia Mobile Phones",NMP,11/29/1996
"Norand Corporation",NOR,03/19/1997
"Norcent Technology, Inc.",NCE,06/20/2007
"NordicEye AB",NOE,09/23/2009
"North Invent A/S",NOI,05/04/2010
"Northgate Computer Systems",NCS,11/29/1996
"Not Limited Inc",NOT,01/30/1998
"NovaWeb Technologies Inc",NWP,06/12/1998
"Novell Inc",NVL,11/29/1996
"Nspire System Inc.",NSP,02/13/2007
"N-trig Innovative Technologies, Inc.",NTR,10/03/2005
"NTT Advanced Technology Corporation",NTT,08/19/2004
"NU Inc.",NUI,08/29/2007
"NU Technology, Inc.",NUG,04/16/2004
"Number Five Software",NFS,02/22/1999
"Nutech Marketing PTL",KNX,11/29/1996
"NuVision US, Inc.",NVI,09/05/2006
"Nuvoton Technology Corporation",NTN,10/09/2008
Nvidia,NVD,11/29/1996
N-Vision,JEN,10/23/2000
"NXP Semiconductors bv.",NXP,06/14/2007
"NW Computer Engineering",NWC,02/03/1997
"Oak Tech Inc",OAK,11/29/1996
"Oasys Technology Company",OAS,11/29/1996
"OBJIX Multimedia Corporation",OMC,11/29/1996
"OCTAL S.A.",PCB,02/24/1998
"Oculus VR, Inc.",OVR,10/19/2012
Odrac,ODR,06/21/2001
"Office Depot, Inc.",ATV,06/13/2007
"OKI Electric Industrial Company Ltd",OKI,11/29/1996
"Oksori Company Ltd",OQI,11/29/1996
"Oksori Company Ltd",OSR,11/29/1996
Olfan,OCN,11/29/1996
"Olicom A/S",OLC,11/29/1996
"Olidata S.p.A.",OLD,03/13/2006
"Olitec S.A.",OLT,11/29/1996
"Olitec S.A.",OLV,11/29/1996
Olivetti,OLI,11/29/1996
"OLYMPUS CORPORATION",OLY,05/02/2005
OmniTek,OTK,09/19/2013
Omnitel,OMN,04/28/1998
"Omron Corporation",OMR,11/29/1996
"On Systems Inc",ONS,11/29/1996
"Oneac Corporation",ONE,04/14/1998
"ONKYO Corporation",ONK,06/16/2005
"OnLive, Inc",ONL,09/03/2010
"OOO Technoinvest",TIV,08/05/1997
"Opcode Inc",OPC,11/29/1996
"Open Connect Solutions",OCS,09/13/1999
"OPEN Networks Ltd",ONW,04/25/2003
"Open Stack, Inc.",OSI,07/22/2013
"OPPO Digital, Inc.",OPP,06/19/2012
"OPTi Inc",OPT,11/29/1996
"Optibase Technologies",OBS,11/01/2010
"Optical Systems Design Pty Ltd",OSD,06/03/2013
"Option Industrial Computers",OIC,05/07/2001
"Option International",OIN,10/23/2000
"Option International",OIM,01/30/1997
"OPTI-UPS Corporation",OSP,07/01/1997
"Optivision Inc",OPV,11/29/1996
"OPTO22, Inc.",OTT,10/06/1998
"Optoma Corporation          ",OTM,04/20/2010
"Optum Engineering Inc.",OEI,08/02/2010
"Orchid Technology",OTI,11/29/1996
"ORGA Kartensysteme GmbH",ORG,10/24/1998
"Orion Communications Co., Ltd.",TOP,04/30/2007
"ORION ELECTRIC CO., LTD.",ORN,01/19/2005
"ORION ELECTRIC CO.,LTD",OEC,01/13/2000
"OSAKA Micro Computer, Inc.",OSA,09/05/2003
"OSR Open Systems Resources, Inc.",ORI,01/20/1999
OSRAM,OOS,04/25/2002
"OUK Company Ltd",OUK,11/29/1996
outsidetheboxstuff.com,OTB,09/03/2010
"Oxus Research S.A.",OXU,11/29/1996
"OZ Corporation",OZC,08/07/2012
"Pacific Avionics Corporation",PAC,11/29/1996
"Pacific CommWare Inc",PCW,11/29/1996
"Pacific Image Electronics Company Ltd",PIE,10/21/1997
"Packard Bell Electronics",PBL,11/29/1996
"Packard Bell NEC",PBN,11/29/1996
"PACSGEAR, Inc.",PGI,08/13/2012
"Padix Co., Inc.",QFF,09/13/1999
"Pan Jit International Inc.",PJT,08/03/2004
Panasonic,MDO,11/29/1996
"Panasonic Avionics Corporation",PLF,08/13/2010
"Panasonic Industry Company",MEI,11/29/1996
"Panelview, Inc.",PNL,08/04/2003
"Pantel Inc",PTL,11/29/1996
"PAR Tech Inc.",PTA,01/26/2011
"Parade Technologies, Ltd.",PRT,04/06/2012
"Paradigm Advanced Research Centre",PGM,06/16/2005
"Parallan Comp Inc",PAR,11/29/1996
"Parallax Graphics",PLX,11/29/1996
"Parc d'Activite des Bellevues",RCE,11/29/1996
Parrot,POT,11/25/2014
"Pathlight Technology Inc",PTH,11/29/1996
"PC Xperten",PCX,02/24/1998
PCBANK21,PCK,02/13/2007
"PCM Systems Corporation",PCM,03/25/1997
"PC-Tel Inc",PCT,05/02/1997
"PD Systems International Ltd",PDS,03/20/1999
"PDTS - Prozessdatentechnik und Systeme",PDT,02/10/1998
"Pegatron Corporation",PEG,08/27/2013
"PEI Electronics Inc",PEI,04/06/1998
"Penta Studiotechnik GmbH",PVM,05/05/2010
"pentel.co.,ltd",PCL,02/25/2002
"Peppercon AG",PEP,04/12/2006
"Perceptive Pixel Inc.",PPX,05/04/2010
"Perceptive Signal Technologies",PER,05/13/1997
PerComm,PRC,04/24/2001
"Performance Concepts Inc.,",PCO,09/24/2002
"Performance Technologies",IPN,02/24/2004
"Perle Systems Limited",PSL,02/22/1999
"Perpetual Technologies, LLC",PON,01/13/2000
"Peter Antesberger Messtechnik",PAM,04/28/1998
"Peus-Systems GmbH",PSD,11/29/1996
"Philips BU Add On Card",PCA,11/29/1996
"Philips Communication Systems",PHS,11/29/1996
"Philips Consumer Electronics Company",PHL,11/29/1996
"Philips Medical Systems Boeblingen GmbH",PHE,04/20/2010
"Philips Semiconductors",PSC,11/29/1996
"Phoenix Contact",PXC,02/27/2008
"Phoenix Technologies, Ltd.",PNX,11/08/1999
"Phoenixtec Power Company Ltd",PPC,05/16/1999
"Photonics Systems Inc.",PHO,06/03/2002
PhotoTelesis,RSC,03/16/1998
"Phylon Communications",PHY,11/29/1996
PicPro,PPR,10/18/2004
"Pijnenburg Beheer N.V.",PHC,04/24/2001
"Pioneer Computer Inc",PCI,11/29/1996
"Pioneer Electronic Corporation",PIO,07/16/1997
"Pitney Bowes",PBV,09/13/1999
"Pitney Bowes",PBI,11/29/1996
"Pixel Qi",PQI,06/24/2009
"Pixel Vision",PVN,11/29/1996
"PIXELA CORPORATION",PXE,11/21/2007
"Pixie Tech Inc",PIX,11/29/1996
"Plain Tree Systems Inc",PTS,11/29/1996
"Planar Systems, Inc.",PNR,08/11/2003
"PLUS Vision Corp.",PLV,07/05/2001
"PMC Consumer Electronics Ltd",PMC,12/11/1996
"pmns GmbH",SPR,10/08/2002
"Point Multimedia System",PMM,06/09/1997
"Polycom Inc.",PLY,06/19/2002
"PolyComp (PTY) Ltd.",POL,02/14/2006
"Polycow Productions",COW,03/15/2001
"Portalis LC",POR,11/01/2008
"Poso International B.V.",ARO,08/01/1997
"POTRANS Electrical Corp.",PEC,07/16/1999
"PowerCom Technology Company Ltd",PCC,09/02/1997
"Powermatic Data Systems",CPX,11/29/1996
"Practical Electronic Tools",PET,02/22/1999
"Practical Peripherals",PPI,11/29/1996
"Practical Solutions Pte., Ltd.",PSE,10/06/1998
"Praim S.R.L.",PRD,11/29/1996
"Primax Electric Ltd",PEL,11/29/1996
"Prime Systems, Inc.",SYX,10/21/2003
"Prime view international Co., Ltd",PVI,07/06/2009
"Princeton Graphic Systems",PGS,11/29/1996
"Prism, LLC",PIM,07/24/2007
"Priva Hortimation BV",PRI,10/22/1997
PRO/AUTOMATION,PRA,07/16/1999
"Procomp USA Inc",PCP,11/29/1996
"Prodea Systems Inc.",PSY,02/04/2013
"Prodrive B.V.",PDV,01/18/2005
Projecta,PJA,01/29/1997
"Projectavision Inc",DHT,01/14/1998
"Projectiondesign AS",PJD,09/23/2002
"PROLINK Microsystems Corp.",PLM,02/25/2002
"Pro-Log Corporation",PLC,11/29/1996
"Promate Electronic Co., Ltd.",PMT,01/13/2003
Prometheus,PRM,11/29/1996
"Promise Technology Inc",PTI,01/02/1997
"Promotion and Display Technology Ltd.",PAD,04/24/2001
"Promotion and Display Technology Ltd.",TEL,04/24/2001
"propagamma kommunikation",PGP,04/19/2000
Prosum,PSM,11/29/1996
Proteon,PRO,11/29/1996
"Proview Global Co., Ltd",PVG,10/08/2002
"Proxim Inc",PXM,09/19/1997
"Proxima Corporation",PRX,11/29/1996
"PS Technology Corporation",PTC,01/29/1997
"Psion Dacom Plc.",PDM,11/08/1999
"PSI-Perceptive Solutions Inc",PSI,11/29/1996
"PT Hartono Istana Teknologi",PLT,05/05/2010
"Pulse-Eight Ltd",PUL,09/12/2012
"Pure Data Inc",PDR,11/29/1996
"Purup Prepress AS",PPP,11/29/1996
"Qingdao Haier Electronics Co., Ltd.",HRE,04/12/2006
Q-Logic,QLC,11/29/1996
"Qtronix Corporation",QTR,11/29/1996
Quadram,DHQ,11/29/1996
Quadram,QDM,11/29/1996
"Quadrant Components Inc",QCL,04/03/1997
"QuakeCom Company Ltd",QCC,03/23/1998
"Qualcomm Inc",QCP,05/16/1999
"Quanta Computer Inc",QCI,11/29/1996
"Quanta Display Inc.",QDS,04/25/2002
Quantum,QTM,11/29/1996
"Quantum 3D Inc",QTD,05/23/1997
"Quantum Data Incorporated",QDI,03/15/2001
Quartics,QVU,11/04/2010
"Quatographic AG",QUA,01/13/2000
"Questech Ltd",QTH,01/13/2000
"Questra Consulting",QUE,01/30/1998
"Quick Corporation",QCK,11/29/1996
"Quickflex, Inc",QFI,08/04/1998
"Quicknet Technologies Inc",QTI,11/29/1996
"R Squared",RSQ,11/08/1999
R.P.T.Intergroups,RPT,11/29/1996
"Racal Interlan Inc",RII,11/29/1996
"Racal-Airtech Software Forge Ltd",TSF,11/29/1996
"Racore Computer Products Inc",RAC,11/29/1996
"Radicom Research Inc",RRI,12/02/1997
"Radio Consult SRL",RCN,09/24/2002
"RADIODATA GmbH",RDN,07/25/2012
"RadioLAN Inc",RLN,11/29/1996
"Radiospire Networks, Inc.",RSN,06/14/2007
"Radisys Corporation",RAD,11/29/1996
"Radius Inc",RDS,03/07/1997
"RAFI GmbH & Co. KG",RFI,08/24/2015
"Rainbow Displays, Inc.",RDI,09/23/1998
"Rainbow Technologies",RNB,11/29/1996
"Raintree Systems",RTS,10/02/2001
"Rainy Orchard",BOB,02/21/2000
"Rampage Systems Inc",RSI,11/29/1996
"Rancho Tech Inc",RAN,11/29/1996
"Rancho Tech Inc",RTI,11/29/1996
"Rapid Tech Corporation",RSX,11/29/1996
"Raritan Computer, Inc",RMC,11/27/1998
"Raritan, Inc.",RAR,06/14/2007
"RAScom Inc",RAS,11/29/1996
"RATOC Systems, Inc.",REX,01/06/2012
"Raylar Design, Inc.",RAY,01/13/2000
"RC International",RCI,11/29/1996
"Reach Technology Inc",RCH,02/09/1998
"Reakin Technolohy Corporation",RKC,03/15/2001
"Real D",REA,11/15/2007
"Realtek Semiconductor Company Ltd",RTL,11/29/1996
"Realtek Semiconductor Corp.",ALG,10/25/2002
"Realvision Inc",RVI,11/29/1996
ReCom,REC,05/16/1999
"Red Wing Corporation",RWC,01/08/1998
"Redfox Technologies Inc.",RFX,01/14/2014
"Reflectivity, Inc.",REF,04/19/2000
"Rehan Electronics Ltd.",REH,02/15/2012
"Relia Technologies",RTC,11/29/1996
"Reliance Electric Ind Corporation",REL,11/29/1996
"Renesas Technology Corp.",REN,06/14/2007
Rent-A-Tech,RAT,02/22/1999
"Research Electronics Development Inc",RED,12/02/1997
"Research Machines",RMP,11/29/1996
"ResMed Pty Ltd",RES,02/21/2000
"Resonance Technology, Inc.",RET,02/09/2011
"Restek Electric Company Ltd",WTS,11/29/1996
"Reveal Computer Prod",RVL,11/29/1996
"Revolution Display, Inc.",REV,03/19/2014
"RGB Spectrum",RGB,11/14/2012
"RGB Systems, Inc. dba Extron Electronics",EXN,07/06/2008
"RICOH COMPANY, LTD.",RIC,05/13/2010
"RightHand Technologies",RHD,05/01/2012
"Rios Systems Company Ltd",RIO,11/29/1996
"Ritech Inc",RIT,04/14/1998
"Rivulet Communications",RIV,07/19/2007
"Robert Bosch GmbH",BSG,05/15/2014
"Robert Gray Company",GRY,03/31/1998
"Robertson Geologging Ltd",RGL,08/10/2000
"Robust Electronics GmbH",ROB,01/18/2008
"Rockwell Automation/Intecolor",RAI,03/13/1998
"Rockwell Collins",RCO,09/10/2010
"Rockwell Collins / Airshow Systems",ASY,12/02/2004
"Rockwell Collins, Inc.",COL,06/14/2007
"Rockwell International",ROK,11/29/1996
"Rockwell Semiconductor Systems",RSS,11/29/1996
"Rogen Tech Distribution Inc",MAX,11/29/1996
"Rohde & Schwarz",ROS,01/20/2012
"Rohm Co., Ltd.",ROH,06/16/2004
"Rohm Company Ltd",RHM,05/13/1997
"Roland Corporation",RJA,11/29/1996
"RoomPro Technologies",RPI,07/09/2010
"Roper International Ltd",ROP,05/16/1999
"Roper Mobile",RMT,07/02/2010
"Ross Video Ltd",RSV,06/11/2012
"Royal Information",TRL,11/29/1996
"Rozsnyó, s.r.o.",RZS,03/24/2014
"RSI Systems Inc",RVC,04/28/1998
"RUNCO International",RUN,04/01/2004
"S&K Electronics",SNK,02/21/2000
"S3 Inc",TLV,01/07/1997
"S3 Inc",SIM,11/29/1996
"S3 Inc",SSS,11/29/1996
"Saab Aerotech",SAE,06/14/2007
"Sage Inc",SAI,07/16/1997
SAGEM,SGM,09/05/2003
SAIT-Devlonics,SDK,11/29/1996
"Saitek Ltd",SAK,05/16/1999
"Salt Internatioinal Corp.",SLT,09/05/2006
"Samsung Electric Company",SAM,11/29/1996
"Samsung Electro-Mechanics Company Ltd",SKT,11/29/1996
"Samsung Electronics America",STN,08/10/2000
"Samsung Electronics America Inc",KYK,02/24/1998
"Samsung Electronic Co.",SSE,08/10/2000
"Samsung Electronics Company Ltd",SEM,11/29/1996
"Samtron Displays Inc",SDI,11/29/1996
"SANKEN ELECTRIC CO., LTD",JSK,09/13/1999
"Sankyo Seiki Mfg.co., Ltd",SSJ,01/28/2003
"Sanritz Automation Co.,Ltd.",SAA,02/25/2002
"SANTAK CORP.",STK,11/27/1998
"Santec Corporation",SOC,01/12/2015
"Sanyo Electric Co.,Ltd.",SAN,11/08/1999
"Sanyo Electric Company Ltd",SCD,11/29/1996
"Sanyo Electric Company Ltd",SIB,11/29/1996
"Sanyo Electric Company Ltd",TSC,11/29/1996
"Sanyo Icon",ICN,11/29/1996
"Sapience Corporation",SPN,11/29/1996
"SAT (Societe Anonyme)",SDA,11/29/1996
"SBS Technologies (Canada), Inc. (was Avvida Systems, Inc.)",AVV,12/17/2002
"SBS-or Industrial Computers GmbH",SBS,12/28/1998
"Scan Group Ltd",SGI,11/29/1996
"Scanport, Inc.",SCN,08/05/2002
"SCD Tech",KFC,10/23/2002
"Sceptre Tech Inc",SPT,11/29/1996
Schlumberger,SMB,07/16/1999
"Schlumberger Cards",SCH,04/28/1998
"Schlumberger Technology Corporate",SLR,08/10/2000
"Schneider & Koch",SKD,11/29/1996
"Schneider Electric S.A.",MGE,11/29/1996
"Schnick-Schnack-Systems GmbH",SLS,05/06/2009
"SCI Systems Inc.",REM,08/10/2000
"SCM Microsystems Inc",SCM,11/29/1996
"Scriptel Corporation",SCP,06/14/2007
"SDR Systems",SDR,03/15/2001
"SDS Technologies",STY,11/08/1999
"SDX Business Systems Ltd",SDX,11/29/1996
"Seanix Technology Inc",NIX,04/09/2007
"Seanix Technology Inc.",SEA,02/24/1998
Sedlbauer,SAG,11/29/1996
"SeeColor Corporation",SEE,11/29/1996
"SeeCubic B.V.",SCB,11/02/2012
"SeeReal Technologies GmbH",SRT,06/27/2005
"Seiko Epson Corporation",SEC,11/29/1996
"Seiko Instruments Information Devices Inc",SID,12/16/1996
"Seiko Instruments USA Inc",SIU,11/29/1996
"Seitz & Associates Inc",SEI,01/30/1998
"Sejin Electron Inc",SJE,08/20/1997
"SELEX GALILEO",SXG,10/01/2012
"Semtech Corporation",STH,11/30/2001
"SendTek Corporation",SET,11/08/1999
"Senseboard Technologies AB",SBT,09/03/2002
Sencore,SEN,05/23/1997
"Sentelic Corporation",STU,07/27/2012
"SEOS Ltd",SEO,02/20/2003
"Sentronic International Corp.",SNC,10/23/2000
"SEP Eletronica Ltda.",SEP,05/07/2001
"Sequent Computer Systems Inc",SQT,11/29/1996
"Session Control LLC",SES,09/03/2010
Setred,SRD,09/05/2006
"SEVIT Co., Ltd.",SVT,06/25/2002
SGEG,SVA,02/21/2000
"Seyeon Tech Company Ltd",SYT,12/02/1997
"SGS Thomson Microelectronics",STM,11/11/1997
"Shadow Systems",OYO,11/29/1996
"Shanghai Bell Telephone Equip Mfg Co",SBC,04/30/1998
"Shanghai Guowei Science and Technology Co., Ltd.",SGW,01/28/2011
"SHANGHAI SVA-DAV ELECTRONICS CO., LTD",XQU,07/24/2003
"Sharedware Ltd",SWL,08/11/1998
"Shark Multimedia Inc",SMM,11/29/1996
"SharkTec A/S",DFK,02/14/2006
"Sharp Corporation",SHP,11/29/1996
"SHARP TAKAYA ELECTRONIC INDUSTRY CO.,LTD.",SXT,06/24/2010
"Shenzhen ChuangZhiCheng Technology Co., Ltd.",CZC,10/23/2013
"Shenzhen Inet Mobile Internet Technology Co., LTD",IXN,11/04/2014
"Shenzhen MTC Co., Ltd",SZM,08/09/2013
"Shenzhen Ramos Digital Technology Co., Ltd",RMS,10/29/2014
"Shenzhen South-Top Computer Co., Ltd.",SSL,12/06/2013
"Shenzhen three Connaught Information Technology Co., Ltd. (3nod Group)",AZH,09/17/2013
"Shenzhen Zhuona Technology Co., Ltd.",XYE,10/01/2013
"Shenzhen ZhuoYi HengTong Computer Technology Limited",HTR,12/13/2013
"Shenzhen Zowee Technology Co., LTD",ZWE,05/26/2015
"Sherwood Digital Electronics Corporation",SDE,11/29/1996
"ShibaSoku Co., Ltd.",SHC,05/26/2005
"Shin Ho Tech",SHT,11/29/1996
"Shlumberger Ltd",SLB,11/29/1996
"Shuttle Tech",SAT,11/29/1996
"Sichuan Changhong Electric CO, LTD.",CHG,02/26/2003
"Sichuang Changhong Corporation",CHO,11/30/2001
Siemens,SIE,11/29/1996
"Siemens AG",SDT,02/14/2006
"SIEMENS AG",SIA,03/15/2001
"Siemens Microdesign GmbH",SNI,11/29/1996
"Siemens Nixdorf Info Systems",SNP,11/29/1996
"Sierra Semiconductor Inc",SSC,11/29/1996
"Sierra Wireless Inc.",SWI,07/10/2003
"Sigma Designs Inc",SIG,11/29/1996
"Sigma Designs, Inc.",SGD,02/14/2006
"Sigmacom Co., Ltd.",SCL,04/25/2002
"SigmaTel Inc",STL,03/03/1997
Signet,DXS,10/23/2000
"SII Ido-Tsushin Inc",STE,04/03/1997
"Silcom Manufacturing Tech Inc",SMT,11/29/1996
"Silex technology, Inc.",SXD,03/12/2009
"Silicom Multimedia Systems Inc",SMS,12/04/1996
"Silicon Graphics Inc",SGX,11/29/1996
"Silicon Image, Inc.",SII,01/13/2000
"Silicon Integrated Systems Corporation",SIS,11/29/1996
"Silicon Laboratories, Inc",SIL,07/16/1998
"Silicon Library Inc.",SLH,11/01/2008
"Silicon Optix Corporation",SOI,07/28/2005
"Silitek Corporation",SLK,07/16/1997
"SIM2 Multimedia S.P.A.",SPU,09/05/2002
"Simple Computing",SMP,11/29/1996
"Simplex Time Recorder Co.",SPX,03/15/2001
"Singular Technology Co., Ltd.",SIN,11/08/1999
"SINOSUN TECHNOLOGY CO., LTD",SNO,06/27/2005
"Sirius Technologies Pty Ltd",SIR,03/13/1998
"sisel muhendislik",FUN,04/25/2002
"SITECSYSTEM CO., LTD.",STS,03/16/2005
Sitintel,SIT,11/29/1996
"SKYDATA S.P.A.",SKY,09/19/1997
"Smart Card Technology",SCT,08/10/2000
"SMART Modular Technologies",SMA,04/04/1997
"Smart Silicon Systems Pty Ltd",SPL,08/10/2000
"Smart Tech Inc",STI,11/29/1996
"SMART Technologies Inc.",SBI,06/14/2007
"SMK CORPORATION",SMK,02/21/2000
"Snell & Wilcox",SNW,04/25/2002
"SOBO VISION",MVM,06/14/2007
"Socionext Inc.",SCX,05/14/2015
"Sodeman Lancom Inc",LAN,11/29/1996
"SODIFF E&T CO., Ltd.",SDF,06/01/2007
"Soft & Hardware development Goldammer GmbH",SHG,11/29/1996
"Softbed - Consulting & Development Ltd",SBD,12/23/1997
"Software Café",SWC,11/29/1996
"Software Technologies Group,Inc.",SWT,11/29/2008
"Solitron Technologies Inc",SOL,11/29/1996
"Solomon Technology Corporation",SLM,01/16/1998
SolutionInside,SXL,05/08/2001
"SOMELEC Z.I. Du Vert Galanta",ONX,11/29/1996
Sonitronix,HON,02/03/2011
"Sonix Comm. Ltd",SNX,11/29/1996
Sony,SNY,11/29/1996
Sony,SON,11/29/1996
"Sony Ericsson Mobile Communications Inc.",SER,04/16/2004
"SORCUS Computer GmbH",SCO,01/13/2000
"Sorcus Computer GmbH",SOR,11/29/1996
"SORD Computer Corporation",SCC,11/29/1996
"Sotec Company Ltd",SOT,05/21/1997
"South Mountain Technologies, LTD",FRS,02/14/2006
"SOYO Group, Inc",SOY,12/18/2006
"SPACE-I Co., Ltd.",SPI,05/11/2005
"SpaceLabs Medical Inc",SMI,11/29/1996
"SPEA Software AG",SPE,11/29/1996
SpeakerCraft,SPK,04/20/2010
Specialix,SLX,11/29/1996
"Spectragraphics Corporation",SGC,11/29/1996
"Spectrum Signal Proecessing Inc",SSP,11/29/1996
"SR-Systems e.K.",SRS,11/19/2012
"S-S Technology Inc",SSI,11/29/1996
"ST Electronics Systems Assembly Pte Ltd",STA,12/28/1998
"STAC Electronics",STC,11/29/1996
"Standard Microsystems Corporation",SMC,11/29/1996
"Star Paging Telecom Tech (Shenzhen) Co. Ltd.",STT,09/23/1998
"Starflight Electronics",STF,05/23/1997
"Stargate Technology",SGT,11/29/1996
StarLeaf,SLF,11/01/2010
"Starlight Networks Inc",STR,11/29/1996
"Starwin Inc.",STW,04/24/2001
Static,SWS,05/16/1999
"STB Systems Inc",STB,11/29/1996
"STD Computer Inc",STD,11/29/1996
"StereoGraphics Corp.",STG,10/02/2001
ST-Ericsson,STX,12/09/2011
STMicroelectronics,SMO,06/14/2007
"Stollmann E+V GmbH",STO,03/27/1997
"Stores Automated Systems Inc",SAS,03/19/1997
"Storm Technology",EZP,10/17/1996
"StreamPlay Ltd",STP,02/04/2009
"Stryker Communications",SYK,10/10/2005
"Subspace Comm. Inc",SUB,11/29/1996
"Sumitomo Metal Industries, Ltd.",SML,09/13/1999
"Summagraphics Corporation",SUM,11/29/1996
"Sun Corporation",SCE,11/29/1996
"Sun Electronics Corporation",SUN,11/29/1996
"Sun Microsystems",SVI,01/13/2003
"SUNNY ELEKTRONIK",SNN,11/14/2014
"SunRiver Data System",SDS,11/29/1996
"Super Gate Technology Company Ltd",SGL,12/30/1997
"SuperNet Inc",SNT,04/23/1998
"Supra Corporation",SUP,11/29/1996
"Surenam Computer Corporation",SUR,11/29/1996
"Surf Communication Solutions Ltd",SRF,03/23/1998
"SVD Computer",SVD,04/14/1998
SVSI,SVS,08/09/2008
"SY Electronics Ltd",SYE,09/20/2010
"Sylvania Computer Products",SYL,06/12/1998
"Symbios Logic Inc",SLI,11/29/1996
"Symbol Technologies",ISA,06/02/1997
"Symicron Computer Communications Ltd.",SYM,11/29/1996
"Synaptics Inc",SYN,11/29/1996
"Synopsys Inc",SPS,11/29/1996
Syntax-Brillian,SXB,05/08/2006
"SYPRO Co Ltd",SYP,11/27/1998
"Sysgration Ltd",SYS,04/28/1997
"Syslogic Datentechnik AG",SLC,01/20/1999
"Sysmate Company",SME,09/02/1997
"Sysmate Corporation",SIC,05/05/1997
Sysmic,SYC,11/29/1996
"Systec Computer GmbH",SGZ,10/02/1997
"System Craft",SCI,11/29/1996
"system elektronik GmbH",SEB,04/19/2000
"Systeme Lauer GmbH&Co KG",SLA,03/20/1999
"Systems Enhancement",UPS,11/29/1996
"SystemSoft Corporation",SST,11/29/1996
"Systran Corporation",SCR,11/29/1996
"SYVAX Inc",SYV,11/29/1996
"T+A elektroakustik GmbH",TUA,01/05/2011
"Taicom Data Systems Co., Ltd.",TCD,10/08/2001
"Taicom International Inc",TMR,11/29/1996
"Taiko Electric Works.LTD",TKC,03/15/2001
"Taiwan Video & Monitor Corporation",TVM,11/29/1996
"Takahata Electronics Co.,Ltd.",KTD,07/22/2009
"Tamura Seisakusyo Ltd",TAM,07/17/1997
Tandberg,TAA,10/21/2003
"Tandberg Data Display AS",TDD,11/29/1996
"Tandem Computer Europe Inc",TDM,11/29/1996
"Tandon Corporation",TCC,11/29/1996
"Tandy Electronics",TDY,11/29/1996
"Taskit Rechnertechnik GmbH",TAS,12/15/1997
"Tatung Company of America Inc",TCS,11/29/1996
"Tatung UK Ltd",VIB,07/16/1999
"Taugagreining hf",NRV,11/29/1996
"Taxan (Europe) Ltd",TAX,03/13/1997
"TDK USA Corporation",PMD,11/29/1996
TDT,TDT,11/29/1996
"TDVision Systems, Inc.",TDV,01/18/2008
"TEAC System Corporation",TEA,11/29/1996
"TEC CORPORATION",CET,07/16/1998
"TEAC America Inc",TCJ,11/29/1996
"Tech Source Inc.",TEZ,08/14/2013
"Techmedia Computer Systems Corporation",TMC,02/10/1998
"Technical Concepts Ltd",TCL,11/29/1996
"Technical Illusions Inc.",TIL,02/14/2014
"TechniSat Digital GmbH",TSD,07/14/2005
"Technology Nexus Secure Open Systems AB",NXS,05/08/1998
"Technology Power Enterprises Inc",TPE,11/29/1996
"TechnoTrend Systemtechnik GmbH",TTS,11/29/1996
"Tecmar Inc",TEC,11/29/1996
"Tecnetics (PTY) Ltd",TCN,11/29/1996
"TECNIMAGEN SA",TNM,05/02/2005
Tecnovision,TVD,03/13/2006
"Tectona SoftSolutions (P) Ltd.,",RXT,06/02/2004
"Teknor Microsystem Inc",TKN,11/29/1996
"Tekram Technology Company Ltd",TRM,11/29/1996
"Tektronix Inc",TEK,05/16/1999
"TEKWorx Limited",TWX,12/24/2009
"Telecom Technology Centre Co. Ltd.",TCT,07/16/1999
"Telecommunications Techniques Corporation",TTC,11/29/1996
"Teleforce.,co,ltd",TLF,11/19/2012
"Teleliaison Inc",TAT,04/29/1997
"Telelink AG",TLK,09/01/1998
"Teleprocessing Systeme GmbH",TPS,01/24/1997
"Teles AG",TAG,11/29/1996
"Teleste Educational OY",TLS,11/29/1996
"TeleVideo Systems",TSI,11/29/1996
"Telia ProSoft AB",PFT,09/13/1999
Telindus,TLD,11/29/1996
"Telxon Corporation",TLX,11/29/1996
"Tennyson Tech Pty Ltd",TNY,11/29/1996
Teradici,TDC,10/11/2007
"TerraTec Electronic GmbH",TER,03/21/1997
"Texas Insturments",TXN,11/29/1996
"Texas Microsystem",TMI,11/29/1996
"Textron Defense System",TXT,11/29/1996
"The Concept Keyboard Company Ltd",CKC,06/02/1997
"The Linux Foundation",LNX,04/04/2014
"The Moving Pixel Company",PXL,11/24/2003
"The NTI Group",ITN,11/29/1996
"The OPEN Group",TOG,09/13/1999
"The Panda Project",PAN,11/29/1996
"The Phoenix Research Group Inc",PRG,09/19/1997
"The Software Group Ltd",TSG,11/29/1996
"Thermotrex Corporation",TMX,11/29/1996
Thinklogical,TLL,06/01/2015
"Thomas-Conrad Corporation",TCO,11/29/1996
"Thomson Consumer Electronics",TCR,08/20/1998
"Thruput Ltd",TPT,06/16/2010
"Thundercom Holdings Sdn. Bhd.",THN,03/21/1997
"Tidewater Association",TWA,11/29/1996
"Time Management, Inc.",TMM,03/20/1999
"TimeKeeping Systems, Inc.",TKS,08/31/1998
"Times (Shanghai) Computer Co., Ltd.",TPD,12/12/2013
"TIPTEL AG",TIP,02/24/1998
"Tixi.Com GmbH",TIX,10/16/1998
"T-Metrics Inc.",TMT,02/21/2000
"TNC Industrial Company Ltd",TNC,02/27/1998
"Todos Data System AB",TAB,08/20/1997
"TOEI Electronics Co., Ltd.",TOE,10/02/2001
TONNA,TON,03/14/2012
"Top Victory Electronics ( Fujian ) Company Ltd",TPV,05/16/1999
"TOPRE CORPORATION",TPK,02/13/2009
"Topro Technology Inc",TPR,05/08/1998
"Topson Technology Co., Ltd.",TTA,09/23/1998
"TORNADO Company",SFM,04/15/1997
"Torus Systems Ltd",TGS,11/29/1996
"Torus Systems Ltd",TRS,11/29/1996
"Toshiba America Info Systems Inc",TAI,11/29/1996
"Toshiba America Info Systems Inc",TSB,11/29/1996
"Dynabook Inc.",TOS,11/29/1996
"Toshiba Corporation",TTP,07/07/2015
"Toshiba Global Commerce Solutions, Inc.",TGC,06/26/2012
"Toshiba Matsushita Display Technology Co., Ltd",LCD,05/24/2000
"TOSHIBA PERSONAL COMPUTER SYSTEM CORPRATION",PCS,06/22/2010
"TOSHIBA TELI CORPORATION",TLI,01/18/2008
"Totoku Electric Company Ltd",TTK,11/29/1996
"Tottori Sanyo Electric",TSE,11/29/1996
"Tottori SANYO Electric Co., Ltd.",TSL,11/06/2001
"Touch Panel Systems Corporation",TPC,09/02/1997
"TouchKo, Inc.",TKO,01/12/2006
"Touchstone Technology",TOU,05/07/2001
TouchSystems,TSY,01/18/2008
"TOWITOKO electronics GmbH",TWK,04/14/1998
"Transtex SA",CSB,03/15/2001
"Transtream Inc",TST,04/29/1997
TRANSVIDEO,TSV,05/04/2010
Tremetrics,TRE,04/24/1997
"Tremon Enterprises Company Ltd",RDM,11/29/1996
"Trenton Terminals Inc",TTI,11/29/1996
"Trex Enterprises",TRX,02/21/2000
"Tribe Computer Works Inc",OZO,11/29/1996
"Tricord Systems",TRI,11/29/1996
"Tri-Data Systems Inc",TDS,11/29/1996
"TRIDELITY Display Solutions GmbH",TTY,07/19/2010
"Trident Microsystem Inc",TRD,11/29/1996
"Trident Microsystems Ltd",TMS,07/15/2002
"TriGem Computer Inc",TGI,11/29/1996
"TriGem Computer,Inc.",TGM,07/05/2001
"Trigem KinfoComm",TIC,02/26/2003
"Trioc AB",TRC,01/13/2000
"Triple S Engineering Inc",TBB,09/26/1997
"Tritec Electronic AG",TRT,01/11/2012
"TriTech Microelectronics International",TRA,01/24/1997
"Triumph Board a.s.",TRB,09/27/2013
"Trivisio Prototyping GmbH",TRV,11/18/2011
"Trixel Ltd",TXL,08/10/2000
"Trtheim Technology",MKV,03/17/1997
Truevision,TVI,11/29/1996
"TTE, Inc.",TTE,01/18/2005
"Tulip Computers Int'l B.V.",TCI,11/29/1996
"Turbo Communication, Inc",TBC,09/01/1998
"Turtle Beach System",TBS,11/29/1996
"Tut Systems",TUT,08/19/1997
"TV Interactive Corporation",TVR,11/29/1996
"TV One Ltd",TVO,09/02/2008
"TV1 GmbH",TVV,02/06/2012
"TVS Electronics Limited",TVS,05/20/2008
"Twinhead International Corporation",TWH,11/29/1996
"Tyan Computer Corporation",TYN,11/29/1996
"U. S. Electronics Inc.",USE,10/28/2013
"U.S. Naval Research Lab",NRL,11/29/1996
"U.S. Navy",TSP,10/17/2002
"U.S. Digital Corporation",USD,11/29/1996
"U.S. Robotics Inc",USR,11/29/1996
"Ubinetics Ltd.",UBL,05/23/2002
"Ueda Japan Radio Co., Ltd.",UJR,07/09/2003
"UFO Systems Inc",UFO,11/29/1996
"Ultima Associates Pte Ltd",UAS,01/02/1997
"Ultima Electronics Corporation",UEC,09/01/1998
"Ultra Network Tech",ULT,11/29/1996
"Umezawa Giken Co.,Ltd",UMG,04/10/2008
"Ungermann-Bass Inc",UBI,11/29/1996
Unicate,UNY,07/21/1998
"Uniden Corporation",UDN,10/18/2004
"Uniform Industrial Corporation",UIC,11/29/1996
"Uniform Industry Corp.",UNI,11/06/2001
UNIGRAF-USA,UFG,10/09/2008
"Unisys Corporation",UNB,11/29/1996
"Unisys Corporation",UNC,11/29/1996
"Unisys Corporation",UNM,11/29/1996
"Unisys Corporation",UNO,11/29/1996
"Unisys Corporation",UNS,11/29/1996
"Unisys Corporation",UNT,11/29/1996
"Unisys DSD",UNA,11/29/1996
"Uni-Take Int'l Inc.",WKH,06/17/2002
"United Microelectr Corporation",UMC,11/29/1996
Unitop,UNP,11/06/2001
"Universal Electronics Inc",UEI,08/20/1997
"Universal Empowering Technologies",UET,09/26/1997
"Universal Multimedia",UMM,10/08/2001
"Universal Scientific Industrial Co., Ltd.",USI,11/04/2003
"University College",JGD,11/29/1996
"Uniwill Computer Corp.",UWC,04/16/2004
"Up to Date Tech",UTD,11/29/1996
UPPI,UPP,04/14/1998
"Ups Manufactoring s.r.l.",RUP,03/15/2001
"USC Information Sciences Institute",ASD,04/08/1997
"Utimaco Safeware AG",USA,05/04/1998
"Vaddio, LLC",VAD,11/30/2012
Vadem,VDM,11/29/1996
"VAIO Corporation",VAI,04/18/2014
"Valence Computing Corporation",VAL,11/29/1996
"Valley Board Ltda",VBT,03/15/2001
"ValleyBoard Ltda.",VLB,04/05/1998
"Valve Corporation",VLV,03/06/2013
"VanErum Group",ITI,10/01/2013
"Varian Australia Pty Ltd",VAR,04/19/2000
"VATIV Technologies",VTV,04/12/2006
"VBrick Systems Inc.",VBR,08/19/2009
VCONEX,VCX,06/15/2005
"VDC Display Systems",VDC,04/29/2009
"Vector Informatik GmbH",VEC,09/10/1997
"Vector Magnetics, LLC",VCM,04/12/2006
Vektrex,VEK,12/13/1996
"VeriFone Inc",VFI,05/29/1998
"Vermont Microsystems",VMI,11/29/1996
"Vestax Corporation",VTX,02/14/2012
"Vestel Elektronik Sanayi ve Ticaret A. S.",VES,09/19/1997
"Via Mons Ltd.",VIM,08/29/2012
"VIA Tech Inc",VIA,11/29/1996
"Victor Company of Japan, Limited",VCJ,02/06/2009
"Victor Data Systems",VDA,05/24/2000
"Victron B.V.",VIC,11/29/1996
"Video & Display Oriented Corporation",VDO,11/29/1996
"Video Computer S.p.A.",URD,02/24/1998
"Video International Inc.",JWD,02/21/2000
"Video Products Inc",VPI,05/04/2010
"VideoLan Technologies",VLT,10/17/1997
VideoServer,VSI,06/25/1997
"Videotechnik Breithaupt",VTB,07/23/2013
"VIDEOTRON CORP.",VTN,05/04/2010
"Vidisys GmbH & Company",VDS,11/29/1996
"Viditec, Inc.",VDT,11/08/1999
"ViewSonic Corporation",VSC,11/29/1996
"Viewteck Co., Ltd.",VTK,10/08/2001
"Viking Connectors",VIK,11/29/1996
"Vinca Corporation",VNC,11/29/1996
"Vinci Labs",NHT,03/03/2006
"Vine Micros Limited",VML,06/16/2004
"Vine Micros Ltd",VIN,04/19/2000
"Virtual Computer Corporation",VCC,11/29/1996
"Virtual Resources Corporation",VRC,11/29/1996
"Vision Quest",VQ@,10/26/2009
"Vision Systems GmbH",VSP,11/29/1996
Visioneer,VIS,11/29/1996
"Visitech AS",VIT,09/05/2006
"Vislink International Ltd",VLK,08/27/2012
"VistaCom Inc",VCI,11/29/1996
"Visual Interface, Inc",VIR,11/27/1998
"Vivid Technology Pte Ltd",VTL,11/29/1996
"VIZIO, Inc",VIZ,06/06/2012
"VLSI Tech Inc",VTI,11/29/1996
"VMware Inc.,",VMW,10/18/2011
"Voice Technologies Group Inc",VTG,04/24/1997
"Vortex Computersysteme GmbH",GDT,11/29/1996
"VPixx Technologies Inc.",VPX,12/05/2013
"VRmagic Holding AG",VRM,04/12/2013
"V-Star Electronics Inc.",VSR,02/21/2000
"VTech Computers Ltd",VTS,11/29/1996
"VTel Corporation",VTC,11/29/1996
"Vutrix (UK) Ltd",VUT,07/22/2003
"Vweb Corp.",VWB,03/12/2004
"Wacom Tech",WAC,11/29/1996
"Wallis Hamilton Industries",JPW,07/16/1999
"Wanlida Group Co., Ltd.",MLT,04/24/2014
"Wave Access",WAL,12/13/1996
"Wave Systems",AWS,11/29/1996
"Wave Systems Corporation",WVM,12/05/1997
Wavephore,WAV,11/29/1996
"Way2Call Communications",SEL,03/20/1997
"WB Systemtechnik GmbH",WBS,09/08/1997
W-DEV,WEL ,11/01/2010
"Wearnes Peripherals International (Pte) Ltd",WPI,03/31/1998
"Wearnes Thakral Pte",WTK,11/29/1996
"WebGear Inc",WEB,01/30/1998
"Westermo Teleindustri AB",WMO,01/13/2000
"Western Digital",WDC,11/29/1996
"Westinghouse Digital Electronics",WDE,05/23/2003
"WEY Design AG",WEY,10/18/2004
"Whistle Communications",WHI,10/24/1998
"Wildfire Communications Inc",WLD,02/13/1997
"WillNet Inc.",WNI,04/19/2000
"Winbond Electronics Corporation",WEC,11/29/1996
"Diebold Nixdorf Systems GmbH",WNX,09/20/2004
"Winmate Communication Inc",WMT,03/15/2001
"Winnov L.P.",WNV,03/07/1997
"WiNRADiO Communications",WRC,09/11/1997
"Wintop Technology Inc",WIN,12/29/1996
"Wipotec Wiege- und Positioniersysteme GmbH",WWP,04/08/2014
"WIPRO Information Technology Ltd",WIL,11/29/1996
"Wipro Infotech",WIP,01/09/2004
"Wireless And Smart Products Inc.",WSP,03/20/1999
"Wisecom Inc",WCI,11/29/1996
"Wistron Corporation",WST,09/03/2010
"Wolfson Microelectronics Ltd",WML,07/30/1997
"WolfVision GmbH",WVV,09/18/2012
"Woodwind Communications Systems Inc",WCS,11/29/1996
"Wooyoung Image & Information Co.,Ltd.",WYT,01/18/2008
"WorkStation Tech",WTI,11/29/1996
"World Wide Video, Inc.",WWV,10/24/1998
"Woxter Technology Co. Ltd",WXT,09/03/2010
"X-10 (USA) Inc",XTN,02/24/1997
"X2E GmbH",XTE,09/23/2009
"XAC Automation Corp",XAC,02/22/1999
"XDM Ltd.",XDM,11/22/2010
"Xedia Corporation",MAD,11/29/1996
"Xilinx, Inc.",XLX,08/01/2007
"Xinex Networks Inc",XIN,02/07/1997
"Xiotech Corporation",XIO,05/29/1998
"Xircom Inc",XRC,11/29/1996
"Xitel Pty ltd",XIT,11/29/1996
"Xirocm Inc",XIR,11/29/1996
"XN Technologies, Inc.",XNT,07/14/2003
XOCECO,UHB,11/27/1998
"XORO ELECTRONICS (CHENGDU) LIMITED",XRO,05/23/2005
"XS Technologies Inc",XST,01/20/1998
"Xscreen AS",XSN,02/14/2006
XSYS,XSY,04/23/1998
"Yamaha Corporation",YMH,11/29/1996
"Xycotec Computer GmbH",XYC,09/03/2002
"Yasuhiko Shirai Melco Inc",BUF,11/29/1996
"Y-E Data Inc",YED,11/29/1996
"Yokogawa Electric Corporation",YHQ,11/29/1996
"Ypoaz Systems Inc",TPZ,11/29/1996
"Z Microsystems",ZMZ,08/10/2005
"Z3 Technology",ZTT,12/14/2010
"Zalman Tech Co., Ltd.",ZMT,05/07/2007
"Zandar Technologies plc",ZAN,12/03/2003
"ZeeVee, Inc.",ZAZ,01/18/2008
"Zebra Technologies International, LLC",ZBR,09/15/2003
"Zefiro Acoustics",ZAX,11/29/1996
"ZeitControl cardsystems GmbH",ZCT,01/20/1999
"ZENIC Inc.",ZEN,04/17/2015
"Zenith Data Systems",ZDS,11/29/1996
"Zenith Data Systems",ZGT,11/29/1996
"Zenith Data Systems",ZSE,11/29/1996
"Zetinet Inc",ZNI,11/29/1996
"Zhejiang Tianle Digital Electric Co., Ltd.",TLE,01/17/2014
"Zhong Shan City Richsound Electronic Industrial Ltd.",RSR,01/27/2015
"Znyx Adv. Systems",ZNX,11/29/1996
"Zoom Telephonics Inc",ZTI,11/29/1996
"Zoran Corporation",ZRN,03/31/2005
"Zowie Intertainment, Inc",ZOW,02/22/1999
"ZT Group Int'l Inc.",ZTM,06/14/2007
"ZTE Corporation",ZTE,09/03/2010
"Zuniq Data Corporation",SIX,11/29/1996
"Zydacron Inc",ZYD,04/10/1997
"ZyDAS Technology Corporation",ZTC,05/24/2000
"Zypcom Inc",ZYP,03/19/1997
"Zytex Computers",ZYT,11/29/1996
"Zytor Communications",HPA,07/02/2010
"Alpha Electronics Company",AEJ,11/29/1996
BOE,BOE,12/02/2004
"Chaplet Systems Inc",FIR,11/29/1996
"Chenming Mold Ind. Corp.",CMG,11/14/2003
"coolux GmbH",COO,09/30/2010
"Data General Corporation",DGC,11/29/1996
Exabyte,EXA,11/29/1996
"Herolab GmbH",HRL,03/17/1998
"Hitachi Computer Products Inc",HCP,11/29/1996
"Integrated Circuit Systems",ICS,11/29/1996
Irdata,IRD,04/24/2001
"Jewell Instruments, LLC",JWL,06/21/2001
"MultiQ Products AB",MQP,03/20/1999
"Ncast Corporation",NAC,02/14/2006
"ODME Inc.",ODM,09/23/1998
Photomatrix,PMX,11/29/1996
"Quantum Solutions, Inc.",QSI,01/13/2000
"Red Hat, Inc.",RHT,02/17/2011
Zyxel,ZYX,11/29/1996
"Carrera Computer Inc",JAZ,01/01/1994
"Chunghwa Picture Tubes, LTD",CGA,01/01/1994
"eMicro Corporation",EMC,01/01/1994
"Hisense Electric Co., Ltd.",HEC,01/01/1994
PanaScope,PNS,01/01/1994
"SpinCore Technologies, Inc",SPC,01/01/1994
"Sensics, Inc.",SVR,08/27/2015
"IAdea Corporation",IAD,09/10/2015
"Express Industrial, Ltd.",ELU,09/10/2015
"Hewlett Packard Enterprise",HPE,09/22/2015
"Klipsch Group, Inc",KGI,09/22/2015
"Tek Gear",TKG,10/16/2015
"HangZhou ZMCHIVIN",ZMC,10/16/2015
"HTC Corportation",HVR,10/16/2015
"Zebax Technologies",ZBX,10/16/2015
"Guangzhou Shirui Electronics Co., Ltd.",SWO,10/16/2015
"Picturall Ltd.",PIC,11/13/2015
"Guangzhou Teclast Information Technology Limited",SKM,11/18/2015
"GreenArrays, Inc.",GAC,11/18/2015
"Thales Avionics",TAV,11/18/2015
"Explorer Inc.",EXR,11/18/2015
"Avegant Corporation",AVG,12/02/2015
"MicroImage Video Systems",MIV,12/08/2015
"ASUSTek COMPUTER INC",AUS,12/21/2015
"Synthetel Corporation",STQ,12/21/2015
"HP Inc.",HPN,12/21/2015
"MicroTechnica Co.,Ltd.",MTJ,01/04/2016
"Gechic Corporation",GEC,01/04/2016
"MPL AG, Elektronik-Unternehmen",MEU,01/15/2016
"Display Solution AG",DSA,02/03/2016
"UEFI Forum",PRP,02/03/2016
"Taitex Corporation",TTX,02/03/2016
"EchoStar Corporation",ECH,02/26/2016
"TCL Corporation",TOL,03/30/2016
"ADDER TECHNOLOGY LTD",ADZ,03/30/2016
"HKC OVERSEAS LIMITED",HKC,03/30/2016
"KEYENCE CORPORATION",KYN,03/30/2016
"TETRADYNE CO., LTD.",TET,04/27/2016
"Abaco Systems, Inc.",ABS,04/27/2016
"Meta Company",MVN,05/25/2016
"Eizo Rugged Solutions",ERS,05/25/2016
"VersaLogic Corporation",VLC,05/25/2016
"CYPRESS SEMICONDUCTOR CORPORATION",CYP,05/25/2016
"MILDEF AB",MDF,06/23/2016
"FOVE INC",FOV,07/01/2016
INNES,NES,07/01/2016
"Hoffmann + Krippner GmbH",HUK,07/01/2016
"Axell Corporation",AXE,08/03/2016
UltiMachine,UMT,08/11/2016
"TPK Holding Co., Ltd",KPT,08/16/2016
"AAEON Technology Inc.",AAN,09/01/2016
"Six15 Technologies",TDG,09/14/2016
"Inlife-Handnet Co., Ltd.",IVR,01/19/2017
"VR Technology Holdings Limited",DSJ,01/19/2017
"Pimax Tech. CO., LTD",PVR,02/07/2017
"Total Vision LTD",TVL,02/07/2017
"Shanghai Lexiang Technology Limited",DPN,02/07/2017
"Black Box Corporation",BBX,02/28/2017
"TRAPEZE GROUP",TRP,02/28/2017
"Pabian Embedded Systems",PMS,02/28/2017
"Televic Conference",TCF,02/28/2017
"Shanghai Chai Ming Huang Info&Tech Co, Ltd",HYL,02/28/2017
"Techlogix Networx",TLN,02/28/2017
"G2TOUCH KOREA",GGT,05/25/2017
"MediCapture, Inc.",MVR,05/25/2017
"HOYA Corporation PENTAX Lifecare Division",PNT,05/25/2017
"christmann informationstechnik + medien GmbH & Co. KG",CHR,05/25/2017
Tencent,TEN,06/20/2017
"VRstudios, Inc.",VRS,06/22/2017
"Extreme Engineering Solutions, Inc.",XES,06/22/2017
NewTek,NTK,06/22/2017
"BlueBox Video Limited",BBV,06/22/2017
"Televés, S.A.",TEV,06/22/2017
"Avatron Software Inc.",AVS,08/23/2017
"Positivo Tecnologia S.A.",POS,09/01/2017
"VRgineers, Inc.",VRG,09/07/2017
"Noritake Itron Corporation",NRI,11/13/2017
"Matrix Orbital Corporation",MOC,11/13/2017
"Elegant Invention",EIN,03/29/2018
"Immersive Audio Technologies France",IMF,03/29/2018
"Lightspace Technologies",LSP,03/29/2018
"PixelNext Inc",PXN,03/29/2018
"VRSHOW Technology Limited",TSW,03/29/2018
"SONOVE GmbH",SNV,03/29/2018
"Silex Inside",SXI,03/29/2018
"Huawei Technologies Co., Inc.",HWV,04/25/2018
"Varjo Technologies",VRT,11/17/2017
"Japan E.M.Solutions Co., Ltd.",JEM,05/24/2018
"QD Laser, Inc.",QDL,05/31/2018
"VADATECH INC",VAT,07/09/2018
"Medicaroid Corporation",MCJ,08/20/2018
"Razer Taiwan Co. Ltd.",RZR,08/20/2018
"GIGA-BYTE TECHNOLOGY CO., LTD.",GBT,09/05/2018
"Kontron GmbH",KOM,09/05/2018
"Convergent Engineering, Inc.",CIE,09/05/2018
"WyreStorm Technologies LLC",WYR,09/05/2018
"Astro HQ LLC",AHQ,09/05/2018
"QSC, LLC",QSC,01/18/2019
"Dimension Engineering LLC",DMN,02/06/2019
"Shenzhen Dlodlo Technologies Co., Ltd.",DLO,04/29/2019
"LENOVO BEIJING CO. LTD.",VLM,05/21/2019
"Cammegh Limited",CRW,06/18/2019
"Beihai Century Joint Innovation Technology Co.,Ltd",LHC,09/10/2019
"Findex, Inc.",FDX,10/22/2019
"Express Luck, Inc.",ELD,10/22/2019
"LLC SKTB “SKIT”",SKI,10/22/2019
"WOLF Advanced Technology",WLF,10/22/2019
"BILD INNOVATIVE TECHNOLOGY LLC",BLD,10/22/2019
"MIMO Monitors",MMT,10/22/2019
Icron,ICR,10/22/2019
"TECNART CO.,LTD.",PIS,10/22/2019
"Moxa Inc.",MHQ,10/22/2019
"Disguise Technologies",DSG,10/22/2019
"Comark LLC",CMK,07/15/2020
"Megapixel Visual Realty",MPV,07/15/2020
Skyworth,SKW,07/15/2020
"Meta View, Inc.",CFR,07/15/2020
MILCOTS,MLC,07/15/2020
"NZXT (PNP same EDID)_",NXT,07/15/2020
"Unicompute Technology Co., Ltd.",UTC,10/19/2020
"TECHNOGYM S.p.A.",TGW,01/08/2021
"Clover Electronics",CLR,02/02/2021
"Kyokko Communication System Co., Ltd.",KTS,02/18/2021
"Terumo Corporation",TMO,02/02/2021
"Micro-Star Int'l Co., Ltd.",CND,02/17/2021
"Newline Interactive Inc.",NWL,12/03/2020
"CORSAIR MEMORY Inc.",CRM,02/05/2021
aviica,VAV,06/01/2021
Monoprice.Inc,DMG,06/04/2021
"Shenzhen KTC Technology Group",SKG,06/01/2021
"Truly Semiconductors Ltd.",TLY,06/01/2021
"Hitevision Group",HHT,03/08/2021
"DLOGIC Ltd.",DLM,06/10/2021
"Fun Technology Innovation INC.",FUL,06/10/2021
"Guangxi Century Innovation Display Electronics Co., Ltd",IOC,06/10/2021
"ICC Intelligent Platforms GmbH",EMR,06/10/2021
"New H3C Technology Co., Ltd.",NHC,06/10/2021
"Seco S.p.A.",SCG,06/10/2021
"Silent Power Electronics GmbH",LCP,06/10/2021
"NAFASAE INDIA Pvt. Ltd",NAF,06/18/2021
"Pico Technology Inc.",PIR,06/18/2021
"Life is Style Inc.",LIS,06/18/2021
"Hansung Co., Ltd",HSN,06/18/2021
"Hubei Century Joint Innovation Technology Co.Ltd",TTR,06/18/2021
"Zake IP Holdings LLC (3B tech)",VIO,06/18/2021
"PreSonus Audio Electronics",PAE,06/24/2021
"C&T Solution Inc.",MXM,07/21/2021
VARCem,VCE,07/21/2021
"Nextorage Corporation",NXR,09/21/2021
"Netvio Ltd.",NVO,09/21/2021
"Beijing Guochengwantong Information Technology Co., Ltd.",STV,09/21/2021
"Kopin Corporation",KOP,10/01/2021
"Anker Innovations Limited",AKR,12/10/2021
"SAMPO CORPORATION",SPO,12/10/2021
"Shiftall Inc.",SFL,12/31/2021
AudioControl,AUD,12/31/2021
"Schneider Consumer Group",SCA,02/08/2022
"NOLO CO., LTD.",NVR,04/08/2022
"Riedel Communications Canada Inc.",RDL,04/08/2022
"arpara Technology Co., Ltd.",IMX,04/08/2022
Nreal,MRG,04/08/2022
"Venetex Corporation",VNX,04/08/2022
G.VISION,GVS,06/17/2022
"Galaxy Microsystems Ltd.",GXL,06/17/2022
"OZO Co.Ltd",OZD,06/17/2022
"GoUp Co.,Ltd",GUP,06/24/2022
"Eizo Technologies GmbH",ETG,06/24/2022
"Steelseries ApS",SSG,09/23/2022
"Weidmuller Interface GmbH & Co. KG",WMI,09/23/2022
"Bigscreen, Inc.",BIG,09/23/2022
"Jiangxi Jinghao Optical Co., Ltd.",OFI,09/23/2022
"EverPro Technologies Company Limited",EVP,09/30/2022
"NewCoSemi (Beijing) Technology CO.,Ltd.",NCV,09/30/2022
"LG Display",LGD,09/30/2022
"Tianma Microelectronics Ltd.",TMA,10/20/2022
"Printronix LLC",PTX,10/20/2022
Colorlight,KLT,10/20/2022
"Beck GmbH & Co. Elektronik Bauelemente KG",BCK,10/20/2022
"Shenzhen Soogeen Electronics Co., LTD.",SGN,11/29/2022
"Emotiva Audio Corp. ",EAC,02/02/2023
Delem,DLD,04/05/2023
"UNIONMAN TECHNOLOGY CO., LTD",JLK,04/19/2023
"Samsung Display Corp.",SDC,04/25/2023
"KOGAN AUSTRALIA PTY LTD",KGN,05/09/2023
"Brainlab AG",BRL,05/16/2023
"Lincoln Technology Solutions",LNC,05/24/2023
"Norxe AS",NXE,06/07/2023
"Avocor Technologies USA, Inc",ATU,06/07/2023
"HONOR Device Co., Ltd.",HNM,06/07/2023
VITEC,VVI,06/12/2023
"Dixon Technologies (India) Limited",DXN,07/31/2023
"China Star Optoelectronics Technology Co., Ltd",CSW,08/02/2023
RODE,OMG,08/03/2023
AVARRO,RRO,08/07/2023
"InfoVision Optoelectronics (Kunshan) Co.,Ltd China",IVO,09/01/2023
"Moore Threads Virtual Display",MTT,09/11/2023
"Lumens Digital Optics Inc.",LMS,10/04/2023
"LUMINO Licht Elektronik GmbH",LLT,11/07/2023
"Reonel Oy",RNL,01/04/2024
DemoPad Software Ltd,DEM,01/04/2024
"TeamViewer Germany GmbH",TMV,01/04/2024
"Pixio USA",PXO,02/14/2024
"ELARABY COMPANY FOR ENGINEERING INDUSTRIES",EEI,02/14/2024
"Maxnerva Technology Services Limited",MNS,02/14/2024
"Somnium Space Ltd.",SMN,02/29/2024
"Raspberry PI",RPL,05/07/2024
"DEIF A/S",DEF,05/10/2024
"Moka International limited",MOK,05/23/2024
"Shure Inc.",SHU,06/13/2024
"Indicates an identity defined by CTS/DID Standards other than EDID",CID,06/28/2024
"Daten Tecnologia",DTM,06/15/2024
"LABAU Technology Corp.",LBC,08/05/2024
"Xiaomi Corporation",XMI,08/05/2024
"Airdrop Gaming LLC",ADG,09/03/2024
"Ugreen Group Ltd.",UGR,01/28/2025
"Barnfind Technologies",BFT,01/28/2025